,bird,train_set_dur,replicate_num,model_name,avg_acc,avg_levenshtein,avg_loss,avg_segment_error_rate,avg_error,train_set_dur_ind
0,0,120.0,1,TweetyNet,0.9643750190734864,139,0.116330087184906,0.05933220684528352,3.562498092651356,3
1,0,120.0,10,TweetyNet,0.9735485911369324,97,0.08347496390342712,0.042982470244169235,2.6451408863067627,3
2,0,120.0,2,TweetyNet,0.9685024619102478,118,0.10568038374185562,0.05119197443127632,3.1497538089752197,3
3,0,120.0,3,TweetyNet,0.9658552408218384,136,0.10892673581838608,0.057526301592588425,3.414475917816162,3
4,0,120.0,4,TweetyNet,0.967369258403778,124,0.1034853383898735,0.0534212701022625,3.2630741596222035,3
5,0,120.0,5,TweetyNet,0.9649186730384828,138,0.11565884202718735,0.05752706527709961,3.5081326961517223,3
6,0,120.0,6,TweetyNet,0.968594253063202,117,0.10061459243297577,0.05125664919614792,3.1405746936797985,3
7,0,120.0,7,TweetyNet,0.9703483581542968,117,0.09471376985311508,0.04772451147437096,2.9651641845703236,3
8,0,120.0,8,TweetyNet,0.9678816199302672,127,0.10308127850294113,0.05304933339357376,3.2118380069732777,3
9,0,120.0,9,TweetyNet,0.9689820408821106,114,0.10037849843502043,0.04930013045668602,3.1017959117889404,3
10,0,180.0,1,TweetyNet,0.973087191581726,98,0.08541929721832275,0.04223940894007683,2.6912808418274037,4
11,0,180.0,10,TweetyNet,0.9712788462638856,105,0.09046367555856703,0.04540599510073662,2.872115373611439,4
12,0,180.0,2,TweetyNet,0.9716737270355223,104,0.08987356722354889,0.0454603023827076,2.832627296447765,4
13,0,180.0,3,TweetyNet,0.9730077981948853,99,0.08212797343730928,0.042874209582805634,2.6992201805114746,4
14,0,180.0,4,TweetyNet,0.9717779159545898,104,0.08554542809724808,0.04597781226038933,2.8222084045410156,4
15,0,180.0,5,TweetyNet,0.9734869599342346,93,0.08711915463209152,0.04162507876753807,2.651304006576538,4
16,0,180.0,6,TweetyNet,0.9690607786178588,119,0.09933947771787643,0.05161519721150398,3.0939221382141224,4
17,0,180.0,7,TweetyNet,0.9703755378723145,105,0.09412179887294768,0.047550808638334274,2.9624462127685547,4
18,0,180.0,8,TweetyNet,0.9720609784126282,103,0.08634453266859055,0.044418033212423325,2.7939021587371826,4
19,0,180.0,9,TweetyNet,0.971452295780182,105,0.08942364156246185,0.04617481678724289,2.8547704219818004,4
20,0,30.0,1,TweetyNet,0.9458826780319214,232,0.18114817142486567,0.09837290644645692,5.411732196807861,0
21,0,30.0,10,TweetyNet,0.9517465233802797,211,0.16895820200443268,0.08639359474182129,4.825347661972035,0
22,0,30.0,2,TweetyNet,0.9594024419784546,158,0.14654585719108582,0.06867557018995285,4.059755802154541,0
23,0,30.0,3,TweetyNet,0.9513667225837708,208,0.17248249053955078,0.08421473950147629,4.863327741622925,0
24,0,30.0,4,TweetyNet,0.9620338678359984,145,0.1475663036108017,0.06450775265693665,3.7966132164001576,0
25,0,30.0,5,TweetyNet,0.9508875608444214,202,0.1644900143146515,0.0856531485915184,4.911243915557861,0
26,0,30.0,6,TweetyNet,0.9529112577438354,192,0.156185120344162,0.08351252973079681,4.708874225616455,0
27,0,30.0,7,TweetyNet,0.9642967581748962,142,0.1360074132680893,0.05967626720666885,3.570324182510376,0
28,0,30.0,8,TweetyNet,0.9653457999229432,133,0.12270946055650712,0.057227298617362976,3.4654200077056774,0
29,0,30.0,9,TweetyNet,0.9538112282752992,185,0.16327442228794098,0.08033828437328339,4.618877172470082,0
30,0,45.0,1,TweetyNet,0.9642770290374756,138,0.11827177554368973,0.06125718355178832,3.5722970962524414,1
31,0,45.0,10,TweetyNet,0.9660474061965942,129,0.11522173136472702,0.05619164183735848,3.395259380340576,1
32,0,45.0,2,TweetyNet,0.9635326862335204,139,0.12423490732908248,0.059919159859418876,3.6467313766479603,1
33,0,45.0,3,TweetyNet,0.9637994766235352,141,0.12295697629451753,0.06105587258934975,3.6200523376464844,1
34,0,45.0,4,TweetyNet,0.9688563942909241,115,0.10631705820560457,0.04890306293964386,3.1143605709075928,1
35,0,45.0,5,TweetyNet,0.9651495218276978,134,0.11452452093362807,0.057916086167097085,3.4850478172302246,1
36,0,45.0,6,TweetyNet,0.9679248332977296,121,0.11848151683807373,0.051605403423309326,3.2075166702270397,1
37,0,45.0,7,TweetyNet,0.9626245498657228,148,0.1272183060646057,0.061751872301101685,3.7375450134277233,1
38,0,45.0,8,TweetyNet,0.9641812443733216,141,0.11806352436542512,0.0606033131480217,3.5818755626678356,1
39,0,45.0,9,TweetyNet,0.961959183216095,142,0.1358228176832199,0.06312187016010284,3.804081678390503,1
40,0,480.0,1,TweetyNet,0.9743891954421996,91,0.07815364003181458,0.04036593809723854,2.5610804557800404,5
41,0,480.0,10,TweetyNet,0.9726828336715698,106,0.08814273774623871,0.044647976756095886,2.7317166328430176,5
42,0,480.0,2,TweetyNet,0.9716975688934326,105,0.0921166092157364,0.04512656852602959,2.8302431106567383,5
43,0,480.0,3,TweetyNet,0.9710383415222168,107,0.09164077788591383,0.04644713923335075,2.8961658477783203,5
44,0,480.0,4,TweetyNet,0.9717900156974792,100,0.08621614426374435,0.04425666108727455,2.820998430252075,5
45,0,480.0,5,TweetyNet,0.9680772423744202,120,0.1053076982498169,0.05058418959379196,3.1922757625579834,5
46,0,480.0,6,TweetyNet,0.975686490535736,87,0.07947426289319992,0.0373464897274971,2.4313509464264027,5
47,0,480.0,7,TweetyNet,0.9724990725517272,103,0.08723916858434677,0.042996097356081016,2.7500927448272816,5
48,0,480.0,8,TweetyNet,0.9736256599426272,98,0.08113067597150803,0.04270758107304573,2.6374340057372825,5
49,0,480.0,9,TweetyNet,0.9708240032196044,108,0.09170646220445633,0.046750593930482864,2.917599678039562,5
50,0,75.0,1,TweetyNet,0.9629240036010742,144,0.12368731945753098,0.06239136680960655,3.707599639892578,2
51,0,75.0,10,TweetyNet,0.9681929349899292,118,0.10499424487352373,0.0495501272380352,3.18070650100708,2
52,0,75.0,2,TweetyNet,0.9674577713012696,121,0.10773159563541412,0.05254383757710457,3.2542228698730358,2
53,0,75.0,3,TweetyNet,0.9686177372932434,118,0.10682832449674606,0.0487428605556488,3.138226270675659,2
54,0,75.0,4,TweetyNet,0.9733157753944396,106,0.08861507475376129,0.043212473392486565,2.6684224605560414,2
55,0,75.0,5,TweetyNet,0.9663841128349304,126,0.11010825634002687,0.05536870285868645,3.361588716506958,2
56,0,75.0,6,TweetyNet,0.9707649350166321,107,0.10036221891641617,0.04525122791528702,2.923506498336792,2
57,0,75.0,7,TweetyNet,0.9693296551704408,111,0.10001709312200546,0.04838557168841362,3.0670344829559215,2
58,0,75.0,8,TweetyNet,0.9616679549217224,142,0.1287325769662857,0.062409657984972,3.833204507827759,2
59,0,75.0,9,TweetyNet,0.967110276222229,122,0.10725826770067216,0.051906663924455636,3.2889723777770996,2
0,1,120.0,1,TweetyNet,0.9439101219177246,387,0.1951033920049668,0.06835846602916718,5.608987808227539,3
1,1,120.0,10,TweetyNet,0.9540327191352844,307,0.15995629131793976,0.05440554395318031,4.596728086471558,3
2,1,120.0,2,TweetyNet,0.9581944942474364,286,0.14497274160385132,0.05040062591433525,4.180550575256358,3
3,1,120.0,3,TweetyNet,0.9523533582687378,311,0.15664897859096527,0.05521469935774803,4.764664173126221,3
4,1,120.0,4,TweetyNet,0.9545960426330566,310,0.15388749539852142,0.05504681915044785,4.540395736694336,3
5,1,120.0,5,TweetyNet,0.9555283188819884,298,0.15027031302452087,0.0529264360666275,4.447168111801158,3
6,1,120.0,6,TweetyNet,0.955751657485962,287,0.13853612542152405,0.050932522863149636,4.424834251403798,3
7,1,120.0,7,TweetyNet,0.9607836604118348,255,0.12412438541650772,0.04545764997601509,3.921633958816517,3
8,1,120.0,8,TweetyNet,0.959286630153656,275,0.13550640642642975,0.04859142750501634,4.071336984634399,3
9,1,120.0,9,TweetyNet,0.9580046534538268,273,0.1449572890996933,0.04860693588852882,4.19953465461732,3
10,1,180.0,1,TweetyNet,0.9587792158126832,279,0.13144154846668246,0.04960351437330246,4.122078418731679,4
11,1,180.0,10,TweetyNet,0.957271933555603,288,0.1460150182247162,0.05141064524650574,4.272806644439697,4
12,1,180.0,2,TweetyNet,0.9555757641792296,292,0.14355197548866272,0.051977239549160004,4.442423582077037,4
13,1,180.0,3,TweetyNet,0.9528442025184632,326,0.15960025787353516,0.05800032243132591,4.715579748153676,4
14,1,180.0,4,TweetyNet,0.9570208191871644,279,0.14809587597846985,0.049520093947649,4.297918081283559,4
15,1,180.0,5,TweetyNet,0.9594664573669434,261,0.1314285546541214,0.04634793475270271,4.053354263305664,4
16,1,180.0,6,TweetyNet,0.9573811292648317,287,0.14241155982017514,0.05068279802799225,4.261887073516835,4
17,1,180.0,7,TweetyNet,0.9611953496932985,265,0.13942484557628632,0.04695730656385422,3.880465030670155,4
18,1,180.0,8,TweetyNet,0.9529410600662231,302,0.14974422752857208,0.05356574431061745,4.7058939933776855,4
19,1,180.0,9,TweetyNet,0.9506087899208068,328,0.1611529290676117,0.05791821703314781,4.939121007919322,4
20,1,30.0,1,TweetyNet,0.9338327646255492,471,0.21483664214611053,0.08290110528469086,6.616723537445079,0
21,1,30.0,10,TweetyNet,0.9350154995918274,461,0.2174452245235443,0.08181584626436234,6.498450040817261,0
22,1,30.0,2,TweetyNet,0.9431068301200868,387,0.2142818868160248,0.06922601908445357,5.689316987991322,0
23,1,30.0,3,TweetyNet,0.9356477856636048,443,0.22305287420749664,0.07772549241781235,6.435221433639516,0
24,1,30.0,4,TweetyNet,0.9307045340538024,497,0.2490811347961425,0.08827614039182663,6.929546594619762,0
25,1,30.0,5,TweetyNet,0.93431955575943,454,0.23720045387744906,0.08011181652545929,6.568044424056996,0
26,1,30.0,6,TweetyNet,0.9408987164497375,428,0.2436705082654953,0.07510954141616821,5.910128355026245,0
27,1,30.0,7,TweetyNet,0.9466180205345154,368,0.2058161497116089,0.06493709236383438,5.338197946548462,0
28,1,30.0,8,TweetyNet,0.9474616050720216,376,0.20345386862754825,0.06598670035600662,5.253839492797841,0
29,1,30.0,9,TweetyNet,0.9426854252815248,391,0.21204905211925507,0.06975091993808746,5.7314574718475235,0
30,1,45.0,1,TweetyNet,0.9445638060569764,364,0.18587616086006165,0.06449947506189346,5.5436193943023575,1
31,1,45.0,10,TweetyNet,0.9473713040351868,350,0.18961124122142792,0.061888996511697776,5.262869596481323,1
32,1,45.0,2,TweetyNet,0.9437492489814758,389,0.18713563680648804,0.06842644512653351,5.625075101852417,1
33,1,45.0,3,TweetyNet,0.9536274671554564,314,0.19178850948810572,0.05579240247607231,4.637253284454356,1
34,1,45.0,4,TweetyNet,0.9459757804870604,367,0.18635351955890656,0.06511908769607544,5.402421951293956,1
35,1,45.0,5,TweetyNet,0.9473503232002258,361,0.17826621234416962,0.06419999897480011,5.264967679977417,1
36,1,45.0,6,TweetyNet,0.95111483335495,329,0.1696125715970993,0.05810218676924705,4.888516664505005,1
37,1,45.0,7,TweetyNet,0.955188512802124,306,0.17950449883937836,0.054129745811223984,4.481148719787598,1
38,1,45.0,8,TweetyNet,0.9408031105995178,404,0.20604810118675232,0.07133901864290237,5.919688940048218,1
39,1,45.0,9,TweetyNet,0.9435882568359376,399,0.18345963954925532,0.07122499495744705,5.641174316406239,1
40,1,480.0,1,TweetyNet,0.9616938829421996,248,0.12162335962057115,0.04416659101843834,3.8306117057800404,5
41,1,480.0,10,TweetyNet,0.95731782913208,299,0.13456997275352478,0.05296897515654564,4.268217086792003,5
42,1,480.0,2,TweetyNet,0.9491081833839417,337,0.17107674479484558,0.05950745940208435,5.089181661605835,5
43,1,480.0,3,TweetyNet,0.9576924443244934,278,0.13226182758808136,0.04958538338541985,4.230755567550659,5
44,1,480.0,4,TweetyNet,0.9603046178817748,272,0.12602317333221436,0.04802746698260306,3.969538211822521,5
45,1,480.0,5,TweetyNet,0.9572432041168212,278,0.13693717122077942,0.04966888576745987,4.275679588317882,5
46,1,480.0,6,TweetyNet,0.9614860415458679,252,0.1289031207561493,0.04484531655907631,3.851395845413208,5
47,1,480.0,7,TweetyNet,0.9604530334472656,267,0.1274491846561432,0.04751939326524735,3.9546966552734375,5
48,1,480.0,8,TweetyNet,0.9579012393951416,275,0.13964946568012238,0.048947568982839584,4.20987606048584,5
49,1,480.0,9,TweetyNet,0.961437165737152,249,0.12702177464962006,0.044321827590465546,3.856283426284801,5
50,1,75.0,1,TweetyNet,0.9510979652404784,326,0.1622200608253479,0.05771864578127861,4.890203475952159,2
51,1,75.0,10,TweetyNet,0.9533898830413818,308,0.16384084522724152,0.05485464259982109,4.661011695861816,2
52,1,75.0,2,TweetyNet,0.9510322213172911,342,0.17079490423202515,0.06060358136892319,4.896777868270885,2
53,1,75.0,3,TweetyNet,0.952919900417328,313,0.15786492824554446,0.05525119230151177,4.708009958267201,2
54,1,75.0,4,TweetyNet,0.9535893797874452,308,0.15629783272743225,0.05509008094668389,4.6410620212554825,2
55,1,75.0,5,TweetyNet,0.9554863572120668,296,0.1479446142911911,0.05274388194084168,4.451364278793324,2
56,1,75.0,6,TweetyNet,0.9476519227027892,359,0.17490142583847046,0.0636686384677887,5.23480772972108,2
57,1,75.0,7,TweetyNet,0.95318603515625,319,0.15718956291675568,0.05619053915143013,4.681396484375,2
58,1,75.0,8,TweetyNet,0.9483920335769652,338,0.17173020541667938,0.0602196604013443,5.1607966423034775,2
59,1,75.0,9,TweetyNet,0.9519102573394777,330,0.16192840039730072,0.05885883420705795,4.808974266052235,2
0,2,120.0,1,TweetyNet,0.9690319299697876,155,0.10105063766241074,0.040801901370286935,3.0968070030212402,3
1,2,120.0,10,TweetyNet,0.962793231010437,185,0.13427865505218506,0.04868871718645097,3.720676898956299,3
2,2,120.0,2,TweetyNet,0.9659929871559144,168,0.111355260014534,0.043815474957227714,3.4007012844085582,3
3,2,120.0,3,TweetyNet,0.9654369950294496,176,0.1182207390666008,0.047267813235521317,3.4563004970550426,3
4,2,120.0,4,TweetyNet,0.9616089463233948,189,0.12550483644008634,0.05025136843323708,3.8391053676605225,3
5,2,120.0,5,TweetyNet,0.9695917963981628,148,0.10484996438026427,0.03910747170448303,3.040820360183716,3
6,2,120.0,6,TweetyNet,0.9663218855857848,169,0.1128256544470787,0.045458737760782235,3.36781144142152,3
7,2,120.0,7,TweetyNet,0.9643191695213318,176,0.11991038918495175,0.045795764774084084,3.5680830478668213,3
8,2,120.0,8,TweetyNet,0.9640981554985046,177,0.12042826414108275,0.04819494113326074,3.590184450149536,3
9,2,120.0,9,TweetyNet,0.9602692723274232,201,0.13595432043075562,0.052103899419307716,3.9730727672576793,3
10,2,180.0,1,TweetyNet,0.9642742872238159,177,0.11831100285053253,0.047147758305072784,3.572571277618408,4
11,2,180.0,10,TweetyNet,0.9671191573143004,162,0.11304206401109695,0.04350569471716882,3.2880842685699574,4
12,2,180.0,2,TweetyNet,0.9636385440826416,176,0.1142529845237732,0.046641960740089417,3.63614559173584,4
13,2,180.0,3,TweetyNet,0.9642720818519592,174,0.121609628200531,0.04604163765907288,3.572791814804077,4
14,2,180.0,4,TweetyNet,0.9654465913772584,166,0.10869216918945312,0.04469553008675575,3.455340862274159,4
15,2,180.0,5,TweetyNet,0.970960795879364,134,0.10210512578487396,0.03572901338338852,2.9039204120635986,4
16,2,180.0,6,TweetyNet,0.9708665609359741,140,0.10049057751893996,0.03706922009587288,2.913343906402588,4
17,2,180.0,7,TweetyNet,0.9682278633117676,157,0.10160430520772934,0.04321613535284996,3.177213668823242,4
18,2,180.0,8,TweetyNet,0.968914270401001,151,0.10321132093667984,0.03942938894033432,3.1085729598999023,4
19,2,180.0,9,TweetyNet,0.965424418449402,173,0.1139199361205101,0.0467502623796463,3.4575581550598034,4
20,2,30.0,1,TweetyNet,0.9450748562812804,289,0.1952675879001617,0.07740078121423721,5.492514371871959,0
21,2,30.0,10,TweetyNet,0.9564225077629088,228,0.184237539768219,0.0585523396730423,4.357749223709117,0
22,2,30.0,2,TweetyNet,0.9552852511405944,221,0.17489415407180786,0.05850452929735184,4.471474885940562,0
23,2,30.0,3,TweetyNet,0.9596053957939148,197,0.15202847123146054,0.05356458574533463,4.0394604206085205,0
24,2,30.0,4,TweetyNet,0.9524282217025756,258,0.16702547669410706,0.06758148223161697,4.757177829742442,0
25,2,30.0,5,TweetyNet,0.9616565704345704,191,0.18905849754810333,0.05045733600854874,3.8343429565429576,0
26,2,30.0,6,TweetyNet,0.9582461714744568,213,0.15700353682041168,0.053841009736061096,4.175382852554321,0
27,2,30.0,7,TweetyNet,0.9547275304794312,234,0.1670903116464615,0.060934055596590035,4.527246952056885,0
28,2,30.0,8,TweetyNet,0.9526587724685668,247,0.16217254102230072,0.06587398797273636,4.734122753143321,0
29,2,30.0,9,TweetyNet,0.9589274525642396,214,0.15834207832813266,0.055294621735811234,4.107254743576039,0
30,2,45.0,1,TweetyNet,0.9616128206253052,189,0.14033614099025726,0.04927826300263405,3.8387179374694824,1
31,2,45.0,10,TweetyNet,0.9574844241142272,216,0.16021671891212466,0.05604613944888115,4.251557588577281,1
32,2,45.0,2,TweetyNet,0.9609940052032472,196,0.13772405683994293,0.051119282841682434,3.900599479675282,1
33,2,45.0,3,TweetyNet,0.953126072883606,247,0.16877339780330658,0.06414318084716797,4.687392711639404,1
34,2,45.0,4,TweetyNet,0.9609646797180176,201,0.14455752074718475,0.05283120274543762,3.903532028198242,1
35,2,45.0,5,TweetyNet,0.958604335784912,218,0.14583009481430054,0.05877391993999481,4.1395664215088,1
36,2,45.0,6,TweetyNet,0.9585754871368408,213,0.14076532423496246,0.05702736601233481,4.142451286315918,1
37,2,45.0,7,TweetyNet,0.961605429649353,200,0.13573794066905975,0.05232398584485054,3.8394570350646973,1
38,2,45.0,8,TweetyNet,0.9609741568565368,202,0.14359378814697266,0.0526193231344223,3.9025843143463246,1
39,2,45.0,9,TweetyNet,0.9602434039115906,196,0.1496966928243637,0.05185805633664131,3.9756596088409424,1
40,2,480.0,1,TweetyNet,0.9691792130470276,147,0.09882888197898863,0.038843084126710885,3.082078695297241,5
41,2,480.0,10,TweetyNet,0.9701882600784302,138,0.09287411719560623,0.03787913918495178,2.9811739921569824,5
42,2,480.0,2,TweetyNet,0.9693078398704528,147,0.10017065703868866,0.03890679031610489,3.069216012954723,5
43,2,480.0,3,TweetyNet,0.9650259613990784,170,0.11241956055164336,0.04499778151512146,3.497403860092163,5
44,2,480.0,4,TweetyNet,0.9709197878837584,141,0.09621717035770416,0.03709710761904717,2.9080212116241566,5
45,2,480.0,5,TweetyNet,0.9654255509376526,172,0.1163332462310791,0.04528525844216347,3.457444906234741,5
46,2,480.0,6,TweetyNet,0.9696028232574464,141,0.10125670582056047,0.037406355142593384,3.03971767425536,5
47,2,480.0,7,TweetyNet,0.9705290198326112,145,0.09908246248960496,0.03721550479531288,2.9470980167388805,5
48,2,480.0,8,TweetyNet,0.9703863263130188,142,0.09505262970924376,0.037126973271369934,2.96136736869812,5
49,2,480.0,9,TweetyNet,0.9706219434738159,142,0.09526965767145157,0.03718478605151177,2.937805652618408,5
50,2,75.0,1,TweetyNet,0.9647755026817322,176,0.12132397294044495,0.04587995633482933,3.5224497318267822,2
51,2,75.0,10,TweetyNet,0.9649598598480223,173,0.12011633068323135,0.04505566135048866,3.504014015197765,2
52,2,75.0,2,TweetyNet,0.9645984768867492,178,0.11972314119338988,0.04754890874028207,3.5401523113250843,2
53,2,75.0,3,TweetyNet,0.9655319452285768,176,0.11650604009628295,0.0478636771440506,3.446805477142323,2
54,2,75.0,4,TweetyNet,0.9625698924064636,186,0.13580873608589172,0.0504319965839386,3.7430107593536377,2
55,2,75.0,5,TweetyNet,0.9611529111862184,190,0.1349945217370987,0.04946126043796538,3.8847088813781627,2
56,2,75.0,6,TweetyNet,0.9663139581680298,165,0.12085132300853728,0.0439562164247036,3.3686041831970215,2
57,2,75.0,7,TweetyNet,0.9654396772384644,171,0.12910081446170807,0.04373456165194512,3.4560322761535645,2
58,2,75.0,8,TweetyNet,0.9669269323349,164,0.12091360986232758,0.04220149293541908,3.3073067665099987,2
59,2,75.0,9,TweetyNet,0.9670175909996032,159,0.11597725003957747,0.04111720621585846,3.298240900039684,2
0,3,120.0,1,TweetyNet,0.9576833844184875,139,0.13762719929218292,0.06035592779517174,4.231661558151245,3
1,3,120.0,10,TweetyNet,0.958573877811432,145,0.13093146681785586,0.062238831073045724,4.142612218856801,3
2,3,120.0,2,TweetyNet,0.9639283418655396,124,0.1147470623254776,0.05490794777870178,3.607165813446045,3
3,3,120.0,3,TweetyNet,0.9615343809127808,136,0.11826640367507935,0.059138242155313485,3.846561908721924,3
4,3,120.0,4,TweetyNet,0.9638428092002868,127,0.12740932404994965,0.0546441450715065,3.6157190799713246,3
5,3,120.0,5,TweetyNet,0.9603327512741088,139,0.12968361377716064,0.061021383851766586,3.9667248725891224,3
6,3,120.0,6,TweetyNet,0.965896487236023,109,0.123952716588974,0.04910849779844284,3.410351276397705,3
7,3,120.0,7,TweetyNet,0.9571019411087036,138,0.1350361406803131,0.059683524072170265,4.289805889129639,3
8,3,120.0,8,TweetyNet,0.960891842842102,123,0.12813954055309296,0.055062010884284966,3.910815715789795,3
9,3,120.0,9,TweetyNet,0.962120532989502,127,0.12173467874526978,0.05449270084500313,3.7879467010498047,3
10,3,180.0,1,TweetyNet,0.9642982482910156,117,0.1309969276189804,0.051558349281549454,3.5701751708984375,4
11,3,180.0,10,TweetyNet,0.959722936153412,135,0.1285780519247055,0.060338743031024926,4.027706384658803,4
12,3,180.0,2,TweetyNet,0.9654691815376282,114,0.1095004677772522,0.05029209703207016,3.4530818462371826,4
13,3,180.0,3,TweetyNet,0.9642376899719238,121,0.11946217715740205,0.0548383891582489,3.576231002807617,4
14,3,180.0,4,TweetyNet,0.96258282661438,118,0.116736501455307,0.052642520517110825,3.7417173385620006,4
15,3,180.0,5,TweetyNet,0.9622979164123536,127,0.12291537970304488,0.05542665347456932,3.7702083587646373,4
16,3,180.0,6,TweetyNet,0.9630386233329772,129,0.11769212037324905,0.0566999614238739,3.6961376667022816,4
17,3,180.0,7,TweetyNet,0.9614875912666321,126,0.1248670369386673,0.05493633821606636,3.851240873336792,4
18,3,180.0,8,TweetyNet,0.9606429934501648,136,0.12771157920360565,0.05889563634991647,3.9357006549835205,4
19,3,180.0,9,TweetyNet,0.9622130393981934,120,0.1133650615811348,0.05414760112762451,3.778696060180664,4
20,3,30.0,1,TweetyNet,0.9368836283683776,241,0.19045929610729212,0.09415069967508316,6.311637163162242,0
21,3,30.0,10,TweetyNet,0.9537394642829896,163,0.18725374341011047,0.07072744518518448,4.626053571701039,0
22,3,30.0,2,TweetyNet,0.9515678286552428,182,0.19476425647735604,0.07605204731225967,4.843217134475719,0
23,3,30.0,3,TweetyNet,0.9378681182861328,253,0.2574249505996704,0.10518604516983032,6.213188171386719,0
24,3,30.0,4,TweetyNet,0.9502591490745544,183,0.1923040747642517,0.07453849911689757,4.974085092544556,0
25,3,30.0,5,TweetyNet,0.930458962917328,274,0.2288059890270233,0.11429020017385486,6.954103708267201,0
26,3,30.0,6,TweetyNet,0.9574835896492004,147,0.17252935469150546,0.06423453986644745,4.251641035079956,0
27,3,30.0,7,TweetyNet,0.9427936673164368,226,0.22992952167987826,0.09392099827528,5.720633268356323,0
28,3,30.0,8,TweetyNet,0.9480803608894348,193,0.19763322174549106,0.08265174925327301,5.1919639110565186,0
29,3,30.0,9,TweetyNet,0.9511609077453612,169,0.1786365509033203,0.07126530259847641,4.883909225463878,0
30,3,45.0,1,TweetyNet,0.9609555602073668,132,0.17023371160030365,0.05973003432154656,3.9044439792633168,1
31,3,45.0,10,TweetyNet,0.9495697021484376,199,0.19366735219955444,0.08145283162593843,5.043029785156239,1
32,3,45.0,2,TweetyNet,0.9594740867614746,136,0.16448426246643064,0.05948355793952944,4.052591323852539,1
33,3,45.0,3,TweetyNet,0.9593513607978821,139,0.16341586410999298,0.06135374680161476,4.064863920211792,1
34,3,45.0,4,TweetyNet,0.9572712779045104,156,0.17119650542736053,0.06721601635217668,4.272872209548961,1
35,3,45.0,5,TweetyNet,0.9507851004600524,177,0.17018099129199982,0.07530098408460617,4.921489953994762,1
36,3,45.0,6,TweetyNet,0.9518808126449584,185,0.16041210293769834,0.07855241745710373,4.811918735504161,1
37,3,45.0,7,TweetyNet,0.9512031674385072,161,0.15813656151294708,0.0710189938545227,4.879683256149281,1
38,3,45.0,8,TweetyNet,0.957805335521698,157,0.1803839951753617,0.06601309776306152,4.2194664478302,1
39,3,45.0,9,TweetyNet,0.9531464576721193,167,0.16845019161701202,0.07190189510583878,4.685354232788075,1
40,3,480.0,1,TweetyNet,0.962485373020172,127,0.12368351221084595,0.05546084046363831,3.751462697982799,5
41,3,480.0,10,TweetyNet,0.964319348335266,115,0.11238186061382294,0.05121120437979698,3.5680651664733998,5
42,3,480.0,2,TweetyNet,0.9659022092819214,108,0.10636184364557266,0.04806322976946832,3.4097790718078613,5
43,3,480.0,3,TweetyNet,0.9613478779792786,133,0.1227417141199112,0.05808193981647493,3.8652122020721436,5
44,3,480.0,4,TweetyNet,0.9633240699768066,118,0.11201735585927963,0.05254775658249855,3.667593002319336,5
45,3,480.0,5,TweetyNet,0.9650319814682008,109,0.10664736479520798,0.050734736025333405,3.4968018531799205,5
46,3,480.0,6,TweetyNet,0.9654220938682556,107,0.1041451096534729,0.047855213284492486,3.4577906131744385,5
47,3,480.0,7,TweetyNet,0.9619647860527042,120,0.11450948566198348,0.05307495594024658,3.803521394729581,5
48,3,480.0,8,TweetyNet,0.9638199210166932,118,0.11344408988952635,0.051124591380357735,3.6180078983306774,5
49,3,480.0,9,TweetyNet,0.9643059968948364,122,0.1090087890625,0.05328523367643356,3.5694003105163574,5
50,3,75.0,1,TweetyNet,0.9615001678466796,125,0.13481247425079346,0.05683023855090141,3.8499832153320424,2
51,3,75.0,10,TweetyNet,0.9580639004707336,143,0.15588057041168213,0.06098591163754464,4.193609952926636,2
52,3,75.0,2,TweetyNet,0.9644922018051147,130,0.14322468638420105,0.05530167371034622,3.5507798194885254,2
53,3,75.0,3,TweetyNet,0.962303340435028,127,0.13468986749649048,0.055419500917196274,3.7696659564972035,2
54,3,75.0,4,TweetyNet,0.960616946220398,130,0.13934075832366946,0.058095823973417275,3.938305377960205,2
55,3,75.0,5,TweetyNet,0.9651165008544922,115,0.14095568656921387,0.05196533352136612,3.4883499145507812,2
56,3,75.0,6,TweetyNet,0.9592468738555908,127,0.13111384212970734,0.0557563416659832,4.075312614440918,2
57,3,75.0,7,TweetyNet,0.9584674835205078,143,0.14689059555530548,0.062452185899019234,4.153251647949219,2
58,3,75.0,8,TweetyNet,0.9579513072967528,148,0.14264918863773346,0.06429959088563919,4.204869270324718,2
59,3,75.0,9,TweetyNet,0.9563482403755188,148,0.14345881342887878,0.06640002876520157,4.36517596244812,2
0,4,120.0,1,TweetyNet,0.9676865339279176,84,0.10059155523777008,0.036659341305494315,3.231346607208241,3
1,4,120.0,10,TweetyNet,0.9677732586860656,95,0.09855521470308304,0.040801212191581726,3.2226741313934437,3
2,4,120.0,2,TweetyNet,0.96805739402771,92,0.10933403670787813,0.042418789118528366,3.194260597229004,3
3,4,120.0,3,TweetyNet,0.9680861234664916,88,0.1044825240969658,0.03879620507359505,3.191387653350841,3
4,4,120.0,4,TweetyNet,0.9659181237220764,86,0.1045360416173935,0.038775455206632614,3.4081876277923584,3
5,4,120.0,5,TweetyNet,0.9653815031051636,94,0.102521650493145,0.04325083643198013,3.4618496894836426,3
6,4,120.0,6,TweetyNet,0.9662067294120787,93,0.1087510734796524,0.04383127391338349,3.3793270587921254,3
7,4,120.0,7,TweetyNet,0.9657873511314392,101,0.10248911380767822,0.04593590274453163,3.421264886856079,3
8,4,120.0,8,TweetyNet,0.9624177813529968,102,0.11508271843194964,0.04471661895513535,3.7582218647003174,3
9,4,120.0,9,TweetyNet,0.9658700227737428,92,0.10516541451215744,0.04023197665810585,3.4129977226257213,3
10,4,180.0,1,TweetyNet,0.9657853245735168,93,0.10677431523799896,0.04337675496935845,3.4214675426483154,4
11,4,180.0,10,TweetyNet,0.9665393233299256,94,0.10758679360151292,0.04273316264152527,3.346067667007435,4
12,4,180.0,2,TweetyNet,0.9603032469749452,110,0.13333719968795776,0.04822854697704315,3.969675302505482,4
13,4,180.0,3,TweetyNet,0.9644314050674438,95,0.11486246436834335,0.04292752966284752,3.5568594932556152,4
14,4,180.0,4,TweetyNet,0.9572078585624696,126,0.14483298361301422,0.055895507335662835,4.279214143753041,4
15,4,180.0,5,TweetyNet,0.9699867963790894,79,0.0913439393043518,0.035129934549331665,3.0013203620910645,4
16,4,180.0,6,TweetyNet,0.9665500521659852,88,0.1067001149058342,0.03922349587082863,3.344994783401478,4
17,4,180.0,7,TweetyNet,0.9685129523277284,82,0.09189408272504808,0.035825032740831375,3.1487047672271617,4
18,4,180.0,8,TweetyNet,0.9677243232727052,88,0.09883801639080048,0.03833591565489769,3.227567672729481,4
19,4,180.0,9,TweetyNet,0.9707379937171936,85,0.0942881554365158,0.03605551645159722,2.9262006282806396,4
20,4,30.0,1,TweetyNet,0.9599769115447998,117,0.14530666172504425,0.05288759246468544,4.0023088455200195,0
21,4,30.0,10,TweetyNet,0.9607918262481692,118,0.15436547994613647,0.05156185105443002,3.9208173751830833,0
22,4,30.0,2,TweetyNet,0.9564772844314576,130,0.16865304112434387,0.06028058007359505,4.352271556854237,0
23,4,30.0,3,TweetyNet,0.95307195186615,149,0.17549782991409302,0.06662220507860184,4.692804813384999,0
24,4,30.0,4,TweetyNet,0.960000216960907,125,0.1733761578798294,0.0587223581969738,3.9999783039093018,0
25,4,30.0,5,TweetyNet,0.9597876667976379,116,0.1484033763408661,0.051217637956142426,4.021233320236206,0
26,4,30.0,6,TweetyNet,0.950124204158783,157,0.16759727895259854,0.07174351811408998,4.987579584121704,0
27,4,30.0,7,TweetyNet,0.9506940841674804,152,0.18515925109386444,0.06991222500801086,4.930591583251964,0
28,4,30.0,8,TweetyNet,0.9577353000640868,128,0.14353740215301514,0.056777790188789375,4.226469993591319,0
29,4,30.0,9,TweetyNet,0.9618419408798218,110,0.14459353685379028,0.048370830714702606,3.8158059120178223,0
30,4,45.0,1,TweetyNet,0.9622586965560912,112,0.12986122071743011,0.047139160335063934,3.7741303443908802,1
31,4,45.0,10,TweetyNet,0.9637068510055542,101,0.13333766162395475,0.04503243416547775,3.62931489944458,1
32,4,45.0,2,TweetyNet,0.9649094343185424,100,0.12070025503635405,0.043008238077163696,3.509056568145763,1
33,4,45.0,3,TweetyNet,0.9628551602363586,104,0.12430617958307265,0.04764604568481445,3.7144839763641357,1
34,4,45.0,4,TweetyNet,0.9591330289840698,127,0.1346030980348587,0.05688370019197464,4.086697101593018,1
35,4,45.0,5,TweetyNet,0.9520857930183412,139,0.16496475040912628,0.0607401579618454,4.791420698165883,1
36,4,45.0,6,TweetyNet,0.9605141878128052,122,0.14457646012306213,0.05454202368855477,3.9485812187194824,1
37,4,45.0,7,TweetyNet,0.9635105729103088,110,0.14126716554164884,0.04770411178469658,3.648942708969116,1
38,4,45.0,8,TweetyNet,0.9601702690124512,113,0.12745621800422668,0.048979803919792175,3.982973098754883,1
39,4,45.0,9,TweetyNet,0.9490474462509156,162,0.1714419573545456,0.07457735389471054,5.095255374908437,1
40,4,480.0,1,TweetyNet,0.9692520499229432,82,0.09533560276031494,0.03589196503162384,3.0747950077056774,5
41,4,480.0,10,TweetyNet,0.96979159116745,78,0.08946146816015244,0.03523636609315872,3.020840883255005,5
42,4,480.0,2,TweetyNet,0.9629826545715332,100,0.114788256585598,0.04355620592832565,3.7017345428466797,5
43,4,480.0,3,TweetyNet,0.9639984965324402,96,0.11103984713554382,0.04459337517619133,3.6001503467559814,5
44,4,480.0,4,TweetyNet,0.9634618759155272,103,0.11101965606212616,0.04630710184574127,3.6538124084472767,5
45,4,480.0,5,TweetyNet,0.9688413739204408,83,0.09622503072023393,0.036057382822036736,3.1158626079559215,5
46,4,480.0,6,TweetyNet,0.970004379749298,78,0.08974863588809967,0.033846065402030945,2.9995620250702015,5
47,4,480.0,7,TweetyNet,0.9697092771530152,79,0.09191029518842696,0.034702382981777184,3.0290722846984752,5
48,4,480.0,8,TweetyNet,0.9645986557006836,102,0.11545960605144501,0.045615825802087784,3.5401344299316406,5
49,4,480.0,9,TweetyNet,0.9705321788787842,74,0.08988366276025772,0.03279294073581696,2.946782112121582,5
50,4,75.0,1,TweetyNet,0.966140866279602,94,0.1143275499343872,0.04123358801007272,3.385913372039795,2
51,4,75.0,10,TweetyNet,0.9662699103355408,86,0.10563578456640244,0.0390252098441124,3.373008966445923,2
52,4,75.0,2,TweetyNet,0.9646944999694824,93,0.12485462427139282,0.04123703762888909,3.530550003051758,2
53,4,75.0,3,TweetyNet,0.9617937803268432,107,0.1309468150138855,0.050173718482255936,3.820621967315685,2
54,4,75.0,4,TweetyNet,0.9603207111358644,109,0.12575377523899078,0.048460956662893295,3.967928886413563,2
55,4,75.0,5,TweetyNet,0.9660974144935608,91,0.12034838646650314,0.04135451093316078,3.390258550643921,2
56,4,75.0,6,TweetyNet,0.9667361974716188,89,0.1098070964217186,0.04089502990245819,3.3263802528381237,2
57,4,75.0,7,TweetyNet,0.966892421245575,88,0.1033795028924942,0.04016437008976936,3.310757875442505,2
58,4,75.0,8,TweetyNet,0.9582944512367249,117,0.13481132686138153,0.05246300995349884,4.170554876327515,2
59,4,75.0,9,TweetyNet,0.962973415851593,100,0.11061881482601166,0.04633349552750588,3.7026584148406982,2
0,5,120.0,1,TweetyNet,0.9600833654403688,124,0.1521526575088501,0.058066733181476586,3.9916634559631237,3
1,5,120.0,10,TweetyNet,0.9623825550079346,111,0.1470506191253662,0.0535476952791214,3.761744499206543,3
2,5,120.0,2,TweetyNet,0.9660179615020752,97,0.15165744721889496,0.04681389033794403,3.3982038497924805,3
3,5,120.0,3,TweetyNet,0.9650194048881532,108,0.155869260430336,0.052470561116933816,3.4980595111846813,3
4,5,120.0,4,TweetyNet,0.9648385643959044,108,0.14488789439201355,0.051151677966117866,3.516143560409557,3
5,5,120.0,5,TweetyNet,0.9675173163414,98,0.14392365515232086,0.04737600311636925,3.2482683658599965,3
6,5,120.0,6,TweetyNet,0.9684760570526124,93,0.14666490256786344,0.0454116240143776,3.1523942947387584,3
7,5,120.0,7,TweetyNet,0.960067093372345,119,0.1592293679714203,0.06058887019753456,3.993290662765503,3
8,5,120.0,8,TweetyNet,0.9625023603439332,113,0.15935415029525754,0.05713774636387825,3.7497639656066784,3
9,5,120.0,9,TweetyNet,0.9647109508514404,117,0.1462252140045166,0.053475413471460335,3.528904914855957,3
10,5,180.0,1,TweetyNet,0.9675269722938538,104,0.13973820209503174,0.046626292169094086,3.247302770614624,4
11,5,180.0,10,TweetyNet,0.9632243514060974,110,0.17214202880859375,0.057930752635002136,3.677564859390259,4
12,5,180.0,2,TweetyNet,0.9684885740280152,101,0.1285429745912552,0.04491569101810455,3.1511425971984752,4
13,5,180.0,3,TweetyNet,0.9640461802482604,110,0.14162462949752808,0.05429968610405922,3.5953819751739613,4
14,5,180.0,4,TweetyNet,0.9668756127357484,97,0.14389154314994812,0.05026138201355933,3.31243872642516,4
15,5,180.0,5,TweetyNet,0.9646342396736144,110,0.13870202004909515,0.04922345280647278,3.536576032638561,4
16,5,180.0,6,TweetyNet,0.9669310450553894,97,0.13616056740283966,0.04885119199752808,3.3068954944610596,4
17,5,180.0,7,TweetyNet,0.9592722654342652,128,0.16314344108104706,0.060347523540258415,4.072773456573476,4
18,5,180.0,8,TweetyNet,0.964057207107544,112,0.15111078321933746,0.05086521804332733,3.5942792892456055,4
19,5,180.0,9,TweetyNet,0.9664273262023926,104,0.13855527341365814,0.05157208442687988,3.357267379760742,4
20,5,30.0,1,TweetyNet,0.9540267586708068,150,0.19188764691352844,0.06518833339214325,4.597324132919322,0
21,5,30.0,10,TweetyNet,0.9562065601348876,149,0.17432892322540286,0.06469196081161499,4.379343986511241,0
22,5,30.0,2,TweetyNet,0.961167573928833,123,0.1800161749124527,0.05804241448640824,3.883242607116699,0
23,5,30.0,3,TweetyNet,0.9588240385055542,123,0.17506012320518494,0.06174145266413689,4.11759614944458,0
24,5,30.0,4,TweetyNet,0.957697868347168,134,0.1943065971136093,0.05851379409432411,4.230213165283203,0
25,5,30.0,5,TweetyNet,0.9524272084236144,153,0.2036933451890945,0.06742825359106064,4.7572791576385605,0
26,5,30.0,6,TweetyNet,0.9564648866653442,145,0.2096162140369416,0.06462519615888596,4.353511333465576,0
27,5,30.0,7,TweetyNet,0.957930326461792,129,0.20986466109752647,0.06480080634355545,4.206967353820801,0
28,5,30.0,8,TweetyNet,0.9608437418937684,119,0.20710361003875727,0.05256574973464012,3.915625810623158,0
29,5,30.0,9,TweetyNet,0.9599243998527528,131,0.19329167902469635,0.05555112659931183,4.007560014724721,0
30,5,45.0,1,TweetyNet,0.9644324779510498,110,0.19839003682136536,0.054946161806583405,3.5567522048950195,1
31,5,45.0,10,TweetyNet,0.9598133563995358,121,0.19504502415657046,0.05907136201858521,4.0186643600464205,1
32,5,45.0,2,TweetyNet,0.9622406363487244,115,0.1994747370481491,0.05615832656621933,3.7759363651275635,1
33,5,45.0,3,TweetyNet,0.9626383185386658,113,0.20836122334003448,0.056149575859308236,3.736168146133423,1
34,5,45.0,4,TweetyNet,0.955267369747162,145,0.2027682512998581,0.06701616197824478,4.473263025283803,1
35,5,45.0,5,TweetyNet,0.961869478225708,110,0.18528403341770167,0.05721436440944672,3.813052177429199,1
36,5,45.0,6,TweetyNet,0.9622071385383606,114,0.214485302567482,0.05777694657444954,3.7792861461639404,1
37,5,45.0,7,TweetyNet,0.9633817076683044,108,0.17625996470451355,0.05153317004442215,3.6618292331695557,1
38,5,45.0,8,TweetyNet,0.9619084000587464,113,0.18851543962955475,0.05591611564159393,3.809159994125355,1
39,5,45.0,9,TweetyNet,0.96445232629776,105,0.20536169409751887,0.05598191916942597,3.554767370223999,1
40,5,480.0,1,TweetyNet,0.9660895466804504,103,0.13136370480060575,0.05045779794454575,3.391045331954956,5
41,5,480.0,10,TweetyNet,0.9604043960571288,134,0.1537899672985077,0.0627916008234024,3.9595603942871205,5
42,5,480.0,2,TweetyNet,0.967151939868927,97,0.12842679023742676,0.04999176412820816,3.2848060131073,5
43,5,480.0,3,TweetyNet,0.969173789024353,92,0.14681294560432434,0.043724995106458664,3.0826210975646973,5
44,5,480.0,4,TweetyNet,0.9676186442375184,100,0.14086396992206573,0.0467548817396164,3.238135576248158,5
45,5,480.0,5,TweetyNet,0.9605470895767212,120,0.15984274446964264,0.055058863013982766,3.945291042327881,5
46,5,480.0,6,TweetyNet,0.9613763093948364,116,0.15425759553909302,0.056469045579433434,3.8623690605163574,5
47,5,480.0,7,TweetyNet,0.965687334537506,107,0.13809524476528168,0.04824084788560866,3.4312665462494008,5
48,5,480.0,8,TweetyNet,0.9675050973892212,101,0.12526491284370422,0.04877759888768196,3.249490261077881,5
49,5,480.0,9,TweetyNet,0.9675591588020324,96,0.1515270620584488,0.05088857933878898,3.244084119796764,5
50,5,75.0,1,TweetyNet,0.9656635522842408,103,0.17159783840179446,0.0521651953458786,3.4336447715759166,2
51,5,75.0,10,TweetyNet,0.9655346870422364,104,0.1708870232105255,0.053502466529607766,3.446531295776356,2
52,5,75.0,2,TweetyNet,0.9660900235176086,105,0.16835393011569974,0.04849580302834512,3.3909976482391357,2
53,5,75.0,3,TweetyNet,0.965565025806427,102,0.15803277492523193,0.05162076652050018,3.4434974193573,2
54,5,75.0,4,TweetyNet,0.963635802268982,111,0.17638736963272095,0.05725449323654175,3.6364197731017955,2
55,5,75.0,5,TweetyNet,0.9655781388282776,106,0.17944814264774325,0.05245789140462875,3.442186117172241,2
56,5,75.0,6,TweetyNet,0.9629471302032472,115,0.1852970868349076,0.059396952390670776,3.705286979675282,2
57,5,75.0,7,TweetyNet,0.9629486799240112,117,0.16130982339382172,0.05770913511514664,3.705132007598877,2
58,5,75.0,8,TweetyNet,0.9630997180938721,111,0.15694299340248108,0.056089069694280624,3.690028190612793,2
59,5,75.0,9,TweetyNet,0.965685784816742,105,0.16798584163188934,0.05237327516078949,3.4314215183257946,2
0,6,120.0,1,TweetyNet,0.9672173857688904,112,0.09746232628822328,0.03715373203158378,3.278261423110962,3
1,6,120.0,10,TweetyNet,0.971175253391266,91,0.08701612055301666,0.02982713282108307,2.882474660873402,3
2,6,120.0,2,TweetyNet,0.9649458527565002,127,0.11356201767921448,0.04152630269527435,3.5054147243499756,3
3,6,120.0,3,TweetyNet,0.9693472385406494,103,0.0941598191857338,0.032580524682998664,3.0652761459350586,3
4,6,120.0,4,TweetyNet,0.9672434329986572,109,0.09726357460021973,0.03587719053030014,3.2756567001342773,3
5,6,120.0,5,TweetyNet,0.9688748717308044,99,0.09480179846286774,0.03282654657959938,3.1125128269195557,3
6,6,120.0,6,TweetyNet,0.963186502456665,124,0.11057933419942856,0.041142385452985764,3.681349754333496,3
7,6,120.0,7,TweetyNet,0.9701043367385864,97,0.0933847278356552,0.03208878263831138,2.9895663261413574,3
8,6,120.0,8,TweetyNet,0.9648762941360474,123,0.1107901781797409,0.0395871065557003,3.5123705863952637,3
9,6,120.0,9,TweetyNet,0.9673082828521729,112,0.10127639770507812,0.03640623763203621,3.269171714782715,3
10,6,180.0,1,TweetyNet,0.9711349606513976,94,0.08315656334161757,0.031646955758333206,2.8865039348602406,4
11,6,180.0,10,TweetyNet,0.9706775546073914,88,0.08725007623434068,0.028885310515761375,2.9322445392608643,4
12,6,180.0,2,TweetyNet,0.966796338558197,115,0.09591156244277954,0.03720331937074661,3.320366144180298,4
13,6,180.0,3,TweetyNet,0.9689940214157104,96,0.09201441705226898,0.03123190812766552,3.100597858428955,4
14,6,180.0,4,TweetyNet,0.9707306027412416,92,0.08443272113800049,0.030580818653106686,2.9269397258758434,4
15,6,180.0,5,TweetyNet,0.9690649509429932,104,0.09096579998731613,0.03391596302390098,3.0935049057006836,4
16,6,180.0,6,TweetyNet,0.9676563143730164,109,0.0957111343741417,0.03560388833284378,3.2343685626983643,4
17,6,180.0,7,TweetyNet,0.967809557914734,113,0.09360015392303468,0.035711847245693214,3.2190442085266002,4
18,6,180.0,8,TweetyNet,0.9684633612632751,106,0.09191914647817613,0.035030264407396317,3.1536638736724854,4
19,6,180.0,9,TweetyNet,0.9695923924446106,96,0.09029269963502884,0.032144110649824136,3.0407607555389404,4
20,6,30.0,1,TweetyNet,0.965888738632202,107,0.12399190664291382,0.03565255552530289,3.4111261367797963,0
21,6,30.0,10,TweetyNet,0.9610400199890136,136,0.13668695092201233,0.04326838254928589,3.895998001098644,0
22,6,30.0,2,TweetyNet,0.958185076713562,147,0.16756285727024078,0.049683548510074615,4.181492328643799,0
23,6,30.0,3,TweetyNet,0.9579952359199524,157,0.15964332222938538,0.049186930060386665,4.200476408004761,0
24,6,30.0,4,TweetyNet,0.9547610282897948,160,0.16845054924488068,0.051401596516370766,4.5238971710205185,0
25,6,30.0,5,TweetyNet,0.9568996429443359,158,0.15714268386363986,0.0507817305624485,4.310035705566406,0
26,6,30.0,6,TweetyNet,0.961505115032196,138,0.13405606150627136,0.04445381835103035,3.8494884967803955,0
27,6,30.0,7,TweetyNet,0.9614274501800536,146,0.13426226377487185,0.04864241927862168,3.85725498199464,0
28,6,30.0,8,TweetyNet,0.9632690548896792,122,0.14403191208839414,0.04031005129218102,3.6730945110320823,0
29,6,30.0,9,TweetyNet,0.9634369015693665,112,0.12402300536632538,0.0374450720846653,3.6563098430633545,0
30,6,45.0,1,TweetyNet,0.9638240933418274,138,0.14076292514801025,0.04389902949333191,3.6175906658172607,1
31,6,45.0,10,TweetyNet,0.9622386693954468,127,0.1319684088230133,0.04595303162932396,3.7761330604553223,1
32,6,45.0,2,TweetyNet,0.9612955451011658,130,0.12155982851982115,0.04101382195949554,3.870445489883423,1
33,6,45.0,3,TweetyNet,0.9659671783447266,112,0.12176432460546495,0.036923017352819436,3.4032821655273438,1
34,6,45.0,4,TweetyNet,0.9575620293617249,147,0.12207011878490448,0.046763524413108826,4.243797063827515,1
35,6,45.0,5,TweetyNet,0.9600673913955688,144,0.13670568168163302,0.045831292867660516,3.9932608604431152,1
36,6,45.0,6,TweetyNet,0.9633849859237672,123,0.12352166324853894,0.04215426370501518,3.66150140762328,1
37,6,45.0,7,TweetyNet,0.9576881527900696,137,0.13151399791240692,0.044133037328720086,4.231184720993042,1
38,6,45.0,8,TweetyNet,0.9626922607421876,130,0.12413215637207033,0.04178866371512413,3.730773925781239,1
39,6,45.0,9,TweetyNet,0.9616847038269044,122,0.11956126242876053,0.03946222364902496,3.831529617309559,1
40,6,480.0,1,TweetyNet,0.9682266116142272,108,0.09451401233673096,0.03499577566981316,3.1773388385772816,5
41,6,480.0,10,TweetyNet,0.9625298976898192,129,0.1121070832014084,0.04124801978468895,3.7470102310180775,5
42,6,480.0,2,TweetyNet,0.9625793695449828,131,0.10891537368297577,0.043063610792160034,3.74206304550172,5
43,6,480.0,3,TweetyNet,0.9662398099899292,108,0.09757456928491592,0.03539687395095825,3.37601900100708,5
44,6,480.0,4,TweetyNet,0.9681482911109924,96,0.09204187244176863,0.03149660676717758,3.185170888900757,5
45,6,480.0,5,TweetyNet,0.9717024564743042,91,0.08079589903354645,0.030306117609143257,2.82975435256958,5
46,6,480.0,6,TweetyNet,0.968328595161438,111,0.10532691329717636,0.037388820201158524,3.167140483856201,5
47,6,480.0,7,TweetyNet,0.9708801507949828,89,0.08599209785461426,0.029250605031847964,2.91198492050172,5
48,6,480.0,8,TweetyNet,0.9662394523620604,111,0.09672099351882936,0.035567861050367355,3.3760547637939564,5
49,6,480.0,9,TweetyNet,0.968739926815033,101,0.09352129697799684,0.03270909562706946,3.126007318496704,5
50,6,75.0,1,TweetyNet,0.9681792259216307,101,0.11072666943073273,0.03350123390555382,3.182077407836925,2
51,6,75.0,10,TweetyNet,0.964791476726532,115,0.11488620191812515,0.03713985159993172,3.5208523273468018,2
52,6,75.0,2,TweetyNet,0.964087963104248,133,0.114145465195179,0.04321825504302978,3.5912036895751953,2
53,6,75.0,3,TweetyNet,0.9611714482307434,148,0.12152218818664552,0.04746747016906738,3.882855176925659,2
54,6,75.0,4,TweetyNet,0.9603609442710876,140,0.1269911527633667,0.04588768258690834,3.9639055728912354,2
55,6,75.0,5,TweetyNet,0.9690069556236268,107,0.1004851534962654,0.035996221005916595,3.099304437637318,2
56,6,75.0,6,TweetyNet,0.9712300896644592,97,0.09559892863035202,0.03186795487999916,2.876991033554077,2
57,6,75.0,7,TweetyNet,0.9645702242851256,120,0.11051560938358307,0.03811981901526451,3.542977571487438,2
58,6,75.0,8,TweetyNet,0.9626749753952026,127,0.11461213231086732,0.040403679013252265,3.7325024604797363,2
59,6,75.0,9,TweetyNet,0.9637255072593688,126,0.11096718162298204,0.039959993213415146,3.6274492740631215,2
0,7,120.0,1,TweetyNet,0.9746509790420532,91,0.08736966550350189,0.041461221873760216,2.5349020957946777,3
1,7,120.0,10,TweetyNet,0.9721224308013916,99,0.09909474849700928,0.04385538026690483,2.78775691986084,3
2,7,120.0,2,TweetyNet,0.9729824066162108,100,0.08068036288022995,0.04304718226194382,2.7017593383789174,3
3,7,120.0,3,TweetyNet,0.9723992347717284,95,0.10071515291929244,0.04218647629022598,2.7600765228271595,3
4,7,120.0,4,TweetyNet,0.9749076962471008,91,0.08664403855800629,0.04185629636049271,2.509230375289917,3
5,7,120.0,5,TweetyNet,0.9723344445228576,99,0.08895133435726166,0.04323476180434227,2.7665555477142445,3
6,7,120.0,6,TweetyNet,0.9719411134719848,99,0.09617583453655244,0.04644103720784186,2.8058886528015248,3
7,7,120.0,7,TweetyNet,0.9703940153121948,99,0.08626807481050491,0.0397297628223896,2.9605984687805176,3
8,7,120.0,8,TweetyNet,0.97433203458786,84,0.08661364018917084,0.03618679195642471,2.5667965412140004,3
9,7,120.0,9,TweetyNet,0.9732227325439452,102,0.09205665439367294,0.04487661272287369,2.67772674560548,3
10,7,180.0,1,TweetyNet,0.9749375581741332,87,0.08011797070503235,0.039654098451137536,2.506244182586681,4
11,7,180.0,10,TweetyNet,0.9743447303771972,88,0.07926982641220093,0.0420057475566864,2.5655269622802845,4
12,7,180.0,2,TweetyNet,0.9719182252883912,105,0.09075290709733964,0.044113576412200935,2.8081774711608776,4
13,7,180.0,3,TweetyNet,0.9739368557929992,93,0.08726278692483902,0.04272338747978209,2.6063144207000843,4
14,7,180.0,4,TweetyNet,0.971815586090088,97,0.089686818420887,0.03945377469062805,2.8184413909912,4
15,7,180.0,5,TweetyNet,0.9717594385147096,103,0.09658537805080414,0.04807429388165474,2.8240561485290416,4
16,7,180.0,6,TweetyNet,0.9748384952545166,86,0.08502357453107834,0.04066390544176102,2.51615047454834,4
17,7,180.0,7,TweetyNet,0.9739413261413574,85,0.08198142796754837,0.03749701380729675,2.605867385864258,4
18,7,180.0,8,TweetyNet,0.9725279808044434,97,0.08386405557394028,0.04339290037751198,2.747201919555664,4
19,7,180.0,9,TweetyNet,0.9733412265777588,96,0.08264440298080444,0.04218055680394173,2.665877342224121,4
20,7,30.0,1,TweetyNet,0.9688556790351868,112,0.12656328082084656,0.05027676746249199,3.1144320964813232,0
21,7,30.0,10,TweetyNet,0.9705753326416016,103,0.13495971262454987,0.045312099158763885,2.9424667358398438,0
22,7,30.0,2,TweetyNet,0.9715211391448976,104,0.12028086930513382,0.04519902914762497,2.847886085510243,0
23,7,30.0,3,TweetyNet,0.9685328006744384,116,0.12698505818843842,0.050271358340978615,3.1467199325561634,0
24,7,30.0,4,TweetyNet,0.9664210081100464,109,0.12138230353593825,0.04620567709207535,3.3578991889953613,0
25,7,30.0,5,TweetyNet,0.9634209871292114,140,0.13878460228443146,0.059564303606748574,3.6579012870788574,0
26,7,30.0,6,TweetyNet,0.9658087491989136,128,0.12106997519731524,0.05384405329823494,3.4191250801086426,0
27,7,30.0,7,TweetyNet,0.969472348690033,114,0.1289011538028717,0.04969719052314758,3.052765130996704,0
28,7,30.0,8,TweetyNet,0.9665437340736388,134,0.12581908702850342,0.05528869479894638,3.3456265926361195,0
29,7,30.0,9,TweetyNet,0.9704292416572572,111,0.13906745612621307,0.04817783832550049,2.957075834274281,0
30,7,45.0,1,TweetyNet,0.9708814024925232,102,0.10463504493236543,0.04436158016324043,2.9118597507476807,1
31,7,45.0,10,TweetyNet,0.97218257188797,104,0.0952604115009308,0.043796561658382416,2.781742811203003,1
32,7,45.0,2,TweetyNet,0.9693816900253296,110,0.11683400720357895,0.0492427684366703,3.061830997467041,1
33,7,45.0,3,TweetyNet,0.967443346977234,124,0.11876058578491212,0.05331314355134964,3.2556653022766002,1
34,7,45.0,4,TweetyNet,0.9659067988395692,131,0.1117999255657196,0.055030759423971176,3.4093201160430797,1
35,7,45.0,5,TweetyNet,0.9686190485954284,103,0.11844784021377565,0.04183639213442802,3.1380951404571644,1
36,7,45.0,6,TweetyNet,0.9715864658355712,99,0.11389858275651933,0.0436607301235199,2.841353416442882,1
37,7,45.0,7,TweetyNet,0.9685138463974,114,0.11254607886075974,0.04914627224206925,3.1486153602599987,1
38,7,45.0,8,TweetyNet,0.9711097478866576,103,0.10330386459827423,0.04466353729367256,2.8890252113342396,1
39,7,45.0,9,TweetyNet,0.9730129241943359,94,0.10912565141916276,0.04371679574251175,2.6987075805664062,1
40,7,480.0,1,TweetyNet,0.9741352200508118,88,0.0770525336265564,0.04054313153028488,2.5864779949188232,5
41,7,480.0,10,TweetyNet,0.9748179316520692,86,0.08169236034154892,0.04073610529303552,2.5182068347930797,5
42,7,480.0,2,TweetyNet,0.9733047485351562,92,0.08379674702882768,0.04147534817457199,2.669525146484375,5
43,7,480.0,3,TweetyNet,0.9739224910736084,90,0.08268699049949646,0.04065670818090439,2.60775089263916,5
44,7,480.0,4,TweetyNet,0.974490225315094,84,0.07898608595132828,0.0386495515704155,2.5509774684906006,5
45,7,480.0,5,TweetyNet,0.975146234035492,87,0.08037595450878142,0.03863244876265527,2.4853765964507946,5
46,7,480.0,6,TweetyNet,0.9762776494026184,81,0.07657334953546524,0.03798109292984009,2.372235059738159,5
47,7,480.0,7,TweetyNet,0.9706217646598816,105,0.09111150354146956,0.045593343675136566,2.937823534011841,5
48,7,480.0,8,TweetyNet,0.9753819704055786,85,0.07988093793392181,0.03860989585518837,2.4618029594421387,5
49,7,480.0,9,TweetyNet,0.976394534111023,79,0.0752558633685112,0.03768806532025337,2.360546588897705,5
50,7,75.0,1,TweetyNet,0.9705399870872498,106,0.1041642799973488,0.04655210673809052,2.9460012912750244,2
51,7,75.0,10,TweetyNet,0.9744501709938048,88,0.09279058873653412,0.04050903394818306,2.554982900619518,2
52,7,75.0,2,TweetyNet,0.9704583287239076,104,0.098342664539814,0.04560563713312149,2.954167127609242,2
53,7,75.0,3,TweetyNet,0.9710409641265868,108,0.10561972856521606,0.046989340335130685,2.8959035873413197,2
54,7,75.0,4,TweetyNet,0.96205472946167,149,0.11747169494628905,0.060984309762716286,3.7945270538329967,2
55,7,75.0,5,TweetyNet,0.9731300473213196,90,0.09634087979793547,0.04190438613295555,2.686995267868042,2
56,7,75.0,6,TweetyNet,0.9705949425697328,110,0.098756343126297,0.045760899782180786,2.9405057430267223,2
57,7,75.0,7,TweetyNet,0.9721692204475404,108,0.1015668511390686,0.046160925179719925,2.7830779552459606,2
58,7,75.0,8,TweetyNet,0.9731478095054626,95,0.10127927362918854,0.04270363599061966,2.6852190494537354,2
59,7,75.0,9,TweetyNet,0.9736838340759276,93,0.10208984464406967,0.0409308522939682,2.6316165924072377,2
0,8,120.0,1,TweetyNet,0.9661523699760436,87,0.11870589107275008,0.052403248846530914,3.384763002395641,3
1,8,120.0,10,TweetyNet,0.9660756587982178,85,0.11188729107379912,0.05130183324217796,3.3924341201782227,3
2,8,120.0,2,TweetyNet,0.9614941477775574,99,0.1256537139415741,0.05822337791323664,3.8505852222442627,3
3,8,120.0,3,TweetyNet,0.9648537039756776,86,0.11149207502603532,0.05027280002832413,3.51462960243224,3
4,8,120.0,4,TweetyNet,0.9616775512695312,94,0.11805244535207747,0.05430583283305168,3.832244873046875,3
5,8,120.0,5,TweetyNet,0.9627209901809692,91,0.11511648446321487,0.053031060844659805,3.727900981903076,3
6,8,120.0,6,TweetyNet,0.9628503918647766,87,0.11756126582622528,0.05046970769762993,3.714960813522339,3
7,8,120.0,7,TweetyNet,0.9644078016281128,85,0.10755886137485504,0.05041201040148735,3.5592198371887207,3
8,8,120.0,8,TweetyNet,0.9639890789985656,86,0.11049476265907288,0.05027005448937416,3.6010921001434437,3
9,8,120.0,9,TweetyNet,0.9660438895225524,83,0.12009046226739885,0.050827212631702416,3.395611047744762,3
10,8,180.0,1,TweetyNet,0.96651953458786,84,0.11566703021526335,0.051298391073942184,3.3480465412140004,4
11,8,180.0,10,TweetyNet,0.9655678868293762,86,0.10333509743213654,0.05208301544189453,3.443211317062378,4
12,8,180.0,2,TweetyNet,0.9624952673912048,90,0.12225817888975145,0.05152023956179619,3.7504732608795166,4
13,8,180.0,3,TweetyNet,0.965010941028595,84,0.10322760790586473,0.04995491728186608,3.498905897140503,4
14,8,180.0,4,TweetyNet,0.9621021151542664,94,0.11685267090797424,0.05526502430438995,3.7897884845733643,4
15,8,180.0,5,TweetyNet,0.9639288187026978,88,0.11364787817001346,0.05092478170990944,3.6071181297302246,4
16,8,180.0,6,TweetyNet,0.9652575850486756,84,0.11112528294324876,0.047501519322395325,3.474241495132435,4
17,8,180.0,7,TweetyNet,0.9650790691375732,85,0.11092575639486313,0.04948652535676956,3.492093086242676,4
18,8,180.0,8,TweetyNet,0.9649763107299804,85,0.11089009791612624,0.05162695795297624,3.5023689270019642,4
19,8,180.0,9,TweetyNet,0.9650394320487976,89,0.11310338973999025,0.052717365324497216,3.4960567951202393,4
20,8,30.0,1,TweetyNet,0.9594109654426576,98,0.13838382065296173,0.054680559784173965,4.058903455734242,0
21,8,30.0,10,TweetyNet,0.9586852788925172,104,0.16588260233402252,0.05820653215050697,4.13147211074828,0
22,8,30.0,2,TweetyNet,0.9614372849464417,94,0.13262216746807098,0.05554448440670967,3.856271505355835,0
23,8,30.0,3,TweetyNet,0.9537543654441832,117,0.16348983347415924,0.06616830080747604,4.624563455581676,0
24,8,30.0,4,TweetyNet,0.9586849808692932,106,0.13706278800964355,0.05988677963614464,4.131501913070679,0
25,8,30.0,5,TweetyNet,0.9570550918579102,113,0.1807193160057068,0.059769921004772186,4.294490814208984,0
26,8,30.0,6,TweetyNet,0.9623928666114808,93,0.20506101846694946,0.0534900389611721,3.7607133388519176,0
27,8,30.0,7,TweetyNet,0.95517498254776,127,0.22115737199783325,0.07262448221445084,4.482501745223999,0
28,8,30.0,8,TweetyNet,0.9553874135017396,118,0.15664856135845184,0.061812583357095725,4.461258649826039,0
29,8,30.0,9,TweetyNet,0.9577865600585938,108,0.14129377901554108,0.060594446957111366,4.221343994140625,0
30,8,45.0,1,TweetyNet,0.9613317847251892,97,0.14242734014987946,0.0557282418012619,3.866821527481079,1
31,8,45.0,10,TweetyNet,0.9514671564102172,130,0.16263747215270996,0.06799893081188202,4.853284358978282,1
32,8,45.0,2,TweetyNet,0.9602775573730468,100,0.18028108775615687,0.05552046000957489,3.9722442626953236,1
33,8,45.0,3,TweetyNet,0.963032066822052,96,0.14084410667419436,0.054790623486042016,3.6967933177948,1
34,8,45.0,4,TweetyNet,0.9572140574455258,107,0.1350654661655426,0.05905039235949516,4.2785942554474214,1
35,8,45.0,5,TweetyNet,0.9626376628875732,96,0.18552450835704806,0.05552684515714645,3.736233711242676,1
36,8,45.0,6,TweetyNet,0.9639004468917848,93,0.15833693742752075,0.05501404777169228,3.609955310821522,1
37,8,45.0,7,TweetyNet,0.9609087705612184,98,0.13846933841705322,0.058495253324508674,3.9091229438781627,1
38,8,45.0,8,TweetyNet,0.9630158543586732,91,0.1463589072227478,0.05331771075725555,3.6984145641326793,1
39,8,45.0,9,TweetyNet,0.9614549279212952,93,0.14679114520549774,0.04948888346552849,3.8545072078704834,1
40,8,480.0,1,TweetyNet,0.9643063545227052,89,0.1105733960866928,0.051300521939992905,3.569364547729481,5
41,8,480.0,10,TweetyNet,0.962348997592926,102,0.1127532422542572,0.05475884303450584,3.7651002407073975,5
42,8,480.0,2,TweetyNet,0.9663772583007812,82,0.1093846783041954,0.048834480345249176,3.362274169921875,5
43,8,480.0,3,TweetyNet,0.9605467915534972,97,0.12070990353822708,0.05456194654107094,3.9453208446502797,5
44,8,480.0,4,TweetyNet,0.9647238850593568,89,0.1134822741150856,0.04873742535710335,3.52761149406432,5
45,8,480.0,5,TweetyNet,0.9675284028053284,81,0.09867775440216063,0.046182770282030106,3.247159719467163,5
46,8,480.0,6,TweetyNet,0.9659473896026612,85,0.10199928283691406,0.051753871142864234,3.4052610397338756,5
47,8,480.0,7,TweetyNet,0.9660722613334656,83,0.1011478528380394,0.04823210835456848,3.3927738666534424,5
48,8,480.0,8,TweetyNet,0.9648305773735046,87,0.10722808539867401,0.051298897713422775,3.516942262649536,5
49,8,480.0,9,TweetyNet,0.9643630981445312,86,0.11372708529233932,0.049463048577308655,3.563690185546875,5
50,8,75.0,1,TweetyNet,0.962655246257782,95,0.11883634328842164,0.05518655106425285,3.7344753742218018,2
51,8,75.0,10,TweetyNet,0.9608679413795472,102,0.12243390828371048,0.05707221850752831,3.913205862045277,2
52,8,75.0,2,TweetyNet,0.962139368057251,92,0.11861021816730499,0.05357521027326584,3.7860631942749023,2
53,8,75.0,3,TweetyNet,0.9613533020019532,96,0.12497573345899582,0.05417637154459953,3.8646697998046764,2
54,8,75.0,4,TweetyNet,0.9638501405715942,90,0.11784446239471436,0.050923820585012436,3.614985942840576,2
55,8,75.0,5,TweetyNet,0.9631648659706116,90,0.14575991034507751,0.05265628919005394,3.6835134029388428,2
56,8,75.0,6,TweetyNet,0.963482141494751,89,0.12357818335294725,0.05173448473215103,3.6517858505249023,2
57,8,75.0,7,TweetyNet,0.964377462863922,94,0.1359877735376358,0.05434533953666687,3.562253713607799,2
58,8,75.0,8,TweetyNet,0.9614100456237792,97,0.12162845581769945,0.05713022872805595,3.8589954376220814,2
59,8,75.0,9,TweetyNet,0.9630751013755798,90,0.1214672476053238,0.05317879840731622,3.6924898624420166,2
0,9,120.0,1,TweetyNet,0.9697598218917848,120,0.10146061331033708,0.03247646242380142,3.024017810821522,3
1,9,120.0,10,TweetyNet,0.9663832783699036,128,0.1040765345096588,0.033851731568574905,3.3616721630096436,3
2,9,120.0,2,TweetyNet,0.9686176776885986,126,0.09717318415641783,0.033889390528202064,3.1382322311401367,3
3,9,120.0,3,TweetyNet,0.9725148677825928,108,0.08448978513479233,0.029173580929636955,2.7485132217407227,3
4,9,120.0,4,TweetyNet,0.9672810435295104,131,0.0914696678519249,0.035907648503780365,3.2718956470489613,3
5,9,120.0,5,TweetyNet,0.9694331288337708,114,0.09092503786087036,0.030620699748396873,3.056687116622925,3
6,9,120.0,6,TweetyNet,0.9711647629737854,106,0.09283418953418733,0.02852539159357548,2.88352370262146,3
7,9,120.0,7,TweetyNet,0.964976727962494,148,0.1150095760822296,0.03999772295355797,3.5023272037505992,3
8,9,120.0,8,TweetyNet,0.9690141081809998,121,0.09658095985651016,0.0327426940202713,3.0985891819000244,3
9,9,120.0,9,TweetyNet,0.9644330143928528,134,0.1094515025615692,0.03572146221995354,3.5566985607147217,3
10,9,180.0,1,TweetyNet,0.9686468243598938,123,0.0985095351934433,0.032913513481616974,3.13531756401062,4
11,9,180.0,10,TweetyNet,0.9703221917152404,110,0.0908004194498062,0.030127951875329018,2.9677808284759633,4
12,9,180.0,2,TweetyNet,0.9694014191627502,119,0.0968056172132492,0.03190886974334717,3.0598580837249756,4
13,9,180.0,3,TweetyNet,0.9661558866500854,126,0.10370475798845293,0.03379671648144722,3.384411334991455,4
14,9,180.0,4,TweetyNet,0.9702357649803162,118,0.08849462866783142,0.032665614038705826,2.976423501968384,4
15,9,180.0,5,TweetyNet,0.9688255190849304,123,0.09120015054941176,0.033209290355443954,3.117448091506958,4
16,9,180.0,6,TweetyNet,0.9702274203300476,116,0.09328360855579376,0.03080849163234234,2.9772579669952393,4
17,9,180.0,7,TweetyNet,0.9688159823417664,122,0.09428813308477403,0.03302426636219025,3.1184017658233643,4
18,9,180.0,8,TweetyNet,0.9695985913276672,114,0.08837920427322388,0.03103022836148739,3.0401408672332764,4
19,9,180.0,9,TweetyNet,0.9704335331916808,106,0.08972129970788956,0.028360018506646163,2.9566466808319203,4
20,9,30.0,1,TweetyNet,0.960145890712738,166,0.15449008345603946,0.045609589666128166,3.9854109287261963,0
21,9,30.0,10,TweetyNet,0.9627507328987122,156,0.12841561436653134,0.04199384152889252,3.724926710128784,0
22,9,30.0,2,TweetyNet,0.9613895416259766,153,0.14096233248710632,0.04241466149687767,3.8610458374023438,0
23,9,30.0,3,TweetyNet,0.9702131152153016,118,0.1343059092760086,0.032903384417295456,2.9786884784698375,0
24,9,30.0,4,TweetyNet,0.9678829312324524,131,0.11149580776691437,0.035047363489866264,3.2117068767547607,0
25,9,30.0,5,TweetyNet,0.9609697461128236,157,0.12042886763811113,0.0416451022028923,3.9030253887176403,0
26,9,30.0,6,TweetyNet,0.9577226042747498,182,0.15123902261257172,0.049603957682847984,4.227739572525024,0
27,9,30.0,7,TweetyNet,0.9681856632232666,119,0.1301935613155365,0.03235260397195816,3.18143367767334,0
28,9,30.0,8,TweetyNet,0.962067484855652,147,0.12759312987327576,0.040849026292562485,3.7932515144348034,0
29,9,30.0,9,TweetyNet,0.9559996724128724,197,0.1509002149105072,0.0515667088329792,4.400032758712758,0
30,9,45.0,1,TweetyNet,0.9666295051574708,135,0.11256174743175508,0.03670835122466087,3.3370494842529186,1
31,9,45.0,10,TweetyNet,0.9654511213302612,143,0.13251981139183044,0.03871605917811394,3.454887866973877,1
32,9,45.0,2,TweetyNet,0.9652650356292723,137,0.11715681105852127,0.03857620432972908,3.473496437072765,1
33,9,45.0,3,TweetyNet,0.9702682495117188,116,0.10895470529794693,0.031007124111056324,2.973175048828125,1
34,9,45.0,4,TweetyNet,0.9687506556510924,115,0.1113004833459854,0.030707163736224174,3.124934434890758,1
35,9,45.0,5,TweetyNet,0.9675301909446716,122,0.11054079234600067,0.03286631405353546,3.246980905532837,1
36,9,45.0,6,TweetyNet,0.9618560671806335,162,0.135591059923172,0.043734408915042884,3.8143932819366455,1
37,9,45.0,7,TweetyNet,0.9531099796295166,216,0.13944022357463834,0.060699872672557824,4.68900203704834,1
38,9,45.0,8,TweetyNet,0.9616111516952516,176,0.1336200088262558,0.04766389727592468,3.8388848304748424,1
39,9,45.0,9,TweetyNet,0.9653024077415466,132,0.11024951189756392,0.035717856138944626,3.469759225845337,1
40,9,480.0,1,TweetyNet,0.9716489911079408,109,0.08135981857776642,0.028929065912961963,2.8351008892059215,5
41,9,480.0,10,TweetyNet,0.9686017036437988,121,0.09284234046936037,0.03278059512376785,3.139829635620117,5
42,9,480.0,2,TweetyNet,0.9604039788246156,172,0.13031205534934998,0.04614830017089844,3.959602117538441,5
43,9,480.0,3,TweetyNet,0.9649945497512816,148,0.11031711846590042,0.03931339830160141,3.5005450248718373,5
44,9,480.0,4,TweetyNet,0.9704093933105468,108,0.08966348320245743,0.029006889089941982,2.9590606689453236,5
45,9,480.0,5,TweetyNet,0.9687013030052184,116,0.0873960331082344,0.03121335990726948,3.1298696994781605,5
46,9,480.0,6,TweetyNet,0.9650027751922609,148,0.10853101313114166,0.03922176361083984,3.4997224807739147,5
47,9,480.0,7,TweetyNet,0.9707515239715576,118,0.09219078719615936,0.031291835010051734,2.9248476028442383,5
48,9,480.0,8,TweetyNet,0.9671942591667176,124,0.11037632077932358,0.03358316421508789,3.280574083328236,5
49,9,480.0,9,TweetyNet,0.9696040749549866,120,0.092469684779644,0.03204361721873284,3.0395925045013428,5
50,9,75.0,1,TweetyNet,0.971102237701416,113,0.09243406355381012,0.03053798899054528,2.8897762298583984,2
51,9,75.0,10,TweetyNet,0.969829261302948,118,0.09074211865663527,0.0317876897752285,3.0170738697052,2
52,9,75.0,2,TweetyNet,0.9680020213127136,127,0.10407669097185136,0.0342845544219017,3.1997978687286377,2
53,9,75.0,3,TweetyNet,0.9688560962677002,114,0.10210832953453064,0.030917875468730927,3.1143903732299805,2
54,9,75.0,4,TweetyNet,0.9612355232238772,153,0.12502941489219666,0.0420198030769825,3.8764476776122825,2
55,9,75.0,5,TweetyNet,0.9652157425880432,133,0.1151600107550621,0.03646672889590264,3.4784257411956787,2
56,9,75.0,6,TweetyNet,0.9735143780708312,104,0.08556212484836577,0.02783493511378765,2.648562192916881,2
57,9,75.0,7,TweetyNet,0.9582283496856692,178,0.13078410923480988,0.0480009987950325,4.177165031433083,2
58,9,75.0,8,TweetyNet,0.9702202081680298,109,0.09326253086328506,0.029300440102815625,2.9779791831970215,2
59,9,75.0,9,TweetyNet,0.9701646566390992,117,0.09417258203029633,0.032622892409563065,2.983534336090077,2
