bird,train_set_dur,replicate_num,model_name,avg_acc,avg_levenshtein,avg_loss,avg_segment_error_rate,avg_error,train_set_dur_ind
0,120.0,1,TweetyNet,0.9626930638363488,22.973684210526315,0.1282102183291786,0.4133269370472863,3.7306936163651216,3
0,120.0,10,TweetyNet,0.969601079037315,15.18421052631579,0.0984456225445396,0.2834090493395609,3.039892096268504,3
0,120.0,2,TweetyNet,0.9686323467053866,17.105263157894736,0.1029173763174759,0.3291299064038187,3.136765329461344,3
0,120.0,3,TweetyNet,0.9746240314684416,12.0,0.0810093691474513,0.2210468508117229,2.5375968531558435,3
0,120.0,4,TweetyNet,0.9629359998201068,18.789473684210527,0.1203470732036389,0.3440614126506026,3.7064000179893197,3
0,120.0,5,TweetyNet,0.9683786693372224,16.473684210526315,0.1052945915021394,0.314363064736228,3.1621330662777614,3
0,120.0,6,TweetyNet,0.9700963873612252,12.473684210526317,0.0954240811498541,0.2408481795326848,2.9903612638774835,3
0,120.0,7,TweetyNet,0.9633641493947882,18.68421052631579,0.1248436225088019,0.3346103633341292,3.6635850605211795,3
0,120.0,8,TweetyNet,0.969945606432463,16.42105263157895,0.0929620956119738,0.3023141263448718,3.005439356753703,3
0,120.0,9,TweetyNet,0.9734818307976972,16.026315789473685,0.0843478064788015,0.3203494392618215,2.6518169202302766,3
0,180.0,1,TweetyNet,0.9704817721718236,14.605263157894736,0.0975143595745689,0.2812025235979385,2.951822782817637,4
0,180.0,10,TweetyNet,0.9683034796463816,15.026315789473683,0.1011415531760767,0.2642415630917415,3.1696520353618363,4
0,180.0,2,TweetyNet,0.9708388479132402,15.657894736842104,0.0930721257862291,0.3114896608713306,2.9161152086759845,4
0,180.0,3,TweetyNet,0.9701964729710628,14.289473684210526,0.1001715220903095,0.271360463353292,2.9803527028937182,4
0,180.0,4,TweetyNet,0.969784184506065,17.81578947368421,0.0962407526217008,0.3142179962643833,3.021581549393504,4
0,180.0,5,TweetyNet,0.959935840807463,22.394736842105264,0.1397119948738499,0.3984520385304441,4.006415919253703,4
0,180.0,6,TweetyNet,0.9650769484670538,18.94736842105263,0.1144283445257889,0.3514677194263276,3.492305153294617,4
0,180.0,7,TweetyNet,0.9720020294189452,17.263157894736842,0.0890276996712935,0.326091861796509,2.79979705810548,4
0,180.0,8,TweetyNet,0.9730701446533204,14.921052631578949,0.0830793694445961,0.2905759014325805,2.6929855346679576,4
0,180.0,9,TweetyNet,0.9728173707660877,14.052631578947368,0.0857053806907252,0.2708823551078152,2.7182629233912348,4
0,30.0,1,TweetyNet,0.9610115854363692,25.44736842105263,0.1269801792345549,0.4646985167041478,3.898841456363078,0
0,30.0,10,TweetyNet,0.9448023344341078,34.94736842105263,0.1748354058516653,0.6623528355339912,5.519766556589223,0
0,30.0,2,TweetyNet,0.957744598388672,26.71052631578948,0.1527185440063476,0.4627234332206371,4.225540161132802,0
0,30.0,3,TweetyNet,0.9340255134984068,47.73684210526316,0.2153233728910747,0.8230840865736649,6.597448650159321,0
0,30.0,4,TweetyNet,0.9590639817087274,24.0,0.1369300139577765,0.4325780685844519,4.093601829127258,0
0,30.0,5,TweetyNet,0.954961575959858,31.05263157894737,0.1535468101501464,0.574834876729035,4.503842404014202,0
0,30.0,6,TweetyNet,0.9615728478682668,19.92105263157895,0.1332871537459524,0.3763868116305524,3.84271521317332,0
0,30.0,7,TweetyNet,0.9591449938322368,24.44736842105263,0.1379611366673519,0.4363543696657796,4.085500616776317,0
0,30.0,8,TweetyNet,0.959456393593236,19.55263157894737,0.1367512627651816,0.3779363411153201,4.054360640676402,0
0,30.0,9,TweetyNet,0.9564916711104544,26.473684210526315,0.1357658285843698,0.5014044179795493,4.350832888954558,0
0,45.0,1,TweetyNet,0.9661941528320312,18.44736842105263,0.1154229139026842,0.337704910022791,3.380584716796875,1
0,45.0,10,TweetyNet,0.9679997092799136,18.289473684210527,0.1007414115102667,0.3350479503475158,3.2000290720086366,1
0,45.0,2,TweetyNet,0.9634419491416528,21.157894736842103,0.117548290051912,0.3842243081088618,3.655805085834718,1
0,45.0,3,TweetyNet,0.96626793710809,20.84210526315789,0.1106531996476022,0.392214191150549,3.3732062891909997,1
0,45.0,4,TweetyNet,0.9562420092130962,26.18421052631579,0.1394269215433221,0.4769035415091315,4.375799078690379,1
0,45.0,5,TweetyNet,0.9651410956131784,20.63157894736842,0.1121940487309506,0.4134141555184535,3.48589043868216,1
0,45.0,6,TweetyNet,0.9649809787147924,18.92105263157895,0.1184736929441753,0.3481423153590656,3.501902128520762,1
0,45.0,7,TweetyNet,0.9627595198781866,21.526315789473685,0.1228450473986173,0.4163832690097346,3.7240480121813357,1
0,45.0,8,TweetyNet,0.9576400957609478,24.44736842105263,0.1407375712143747,0.448928765407418,4.235990423905223,1
0,45.0,9,TweetyNet,0.9595935219212582,29.789473684210527,0.1328664955339933,0.505297077686566,4.040647807874176,1
0,480.0,1,TweetyNet,0.9651571574964022,18.789473684210527,0.1156990402623226,0.3562001969931431,3.4842842503597815,5
0,480.0,10,TweetyNet,0.9721379531057256,12.263157894736842,0.0888829984162983,0.2476872031503288,2.7862046894274406,5
0,480.0,2,TweetyNet,0.9714374542236328,14.026315789473683,0.0896020751250417,0.2728688129076819,2.8562545776367188,5
0,480.0,3,TweetyNet,0.9685569562410054,16.105263157894736,0.1008023964731316,0.3201306329509112,3.144304375899465,5
0,480.0,4,TweetyNet,0.9691885897987768,16.394736842105264,0.0973865232969585,0.3184602817404958,3.0811410201223244,5
0,480.0,5,TweetyNet,0.9724199395430716,14.236842105263158,0.0897015897851241,0.2937409013056225,2.75800604569284,5
0,480.0,6,TweetyNet,0.973810396696392,13.421052631578949,0.0860911795967503,0.2432396874915201,2.618960330360798,5
0,480.0,7,TweetyNet,0.9701013063129624,15.18421052631579,0.0948563249487625,0.3050580146062004,2.989869368703757,5
0,480.0,8,TweetyNet,0.9627870258532072,20.71052631578948,0.1297595124495656,0.3981904692554735,3.721297414679281,5
0,480.0,9,TweetyNet,0.969501394974558,14.736842105263158,0.0944536234203137,0.2635330774179206,3.0498605025441994,5
0,75.0,1,TweetyNet,0.9693068454140112,15.236842105263158,0.0972171457190262,0.2998078900763545,3.069315458598876,2
0,75.0,10,TweetyNet,0.9632546274285568,25.26315789473684,0.1180460578516909,0.4825291559506968,3.674537257144317,2
0,75.0,2,TweetyNet,0.964795564350329,22.473684210526315,0.1209485279886346,0.4224765840761569,3.5204435649671018,2
0,75.0,3,TweetyNet,0.9675329107987252,15.157894736842104,0.1070928573608398,0.297787467247172,3.2467089201274835,2
0,75.0,4,TweetyNet,0.963638606824373,17.236842105263158,0.1172917391124524,0.3322177927313152,3.6361393175627033,2
0,75.0,5,TweetyNet,0.9676984485826994,17.42105263157895,0.1043000095768978,0.3285380012187719,3.2301551417300622,2
0,75.0,6,TweetyNet,0.9731977362381784,15.973684210526317,0.0851812739121286,0.3212712747077044,2.68022637618216,2
0,75.0,7,TweetyNet,0.9621037934955796,21.36842105263158,0.1271028267709832,0.4192388632387109,3.789620650442038,2
0,75.0,8,TweetyNet,0.968027014481394,15.342105263157896,0.0998858527133339,0.3034648414834956,3.1972985518605945,2
0,75.0,9,TweetyNet,0.9690814771150288,19.63157894736842,0.0960659855290463,0.384375016414431,3.091852288497121,2
1,120.0,1,TweetyNet,0.9610856374104818,25.125,0.1348498165607452,0.2193207394523861,3.891436258951819,3
1,120.0,10,TweetyNet,0.9505053361256918,31.83333333333333,0.1651594142119089,0.2826455386621609,4.949466387430823,3
1,120.0,2,TweetyNet,0.9504059155782064,34.625,0.1627315481503804,0.2931400244935077,4.959408442179358,3
1,120.0,3,TweetyNet,0.9534558455149332,28.041666666666668,0.1571106811364492,0.2522312720897024,4.654415448506677,3
1,120.0,4,TweetyNet,0.9594806830088296,22.95833333333333,0.1337563296159108,0.2069223456287471,4.0519316991170395,3
1,120.0,5,TweetyNet,0.9599311351776124,20.916666666666668,0.1309698422749837,0.1854773785353599,4.006886482238759,3
1,120.0,6,TweetyNet,0.9556537469228108,29.166666666666668,0.1502459049224853,0.2545436523044469,4.43462530771892,3
1,120.0,7,TweetyNet,0.9517839749654134,33.541666666666664,0.1664047141869863,0.2895325800052548,4.821602503458655,3
1,120.0,8,TweetyNet,0.949585755666097,32.333333333333336,0.1701549291610717,0.2822212615297168,5.041424433390295,3
1,120.0,9,TweetyNet,0.9522284666697184,37.083333333333336,0.1606092651685079,0.330805989713905,4.777153333028162,3
1,180.0,1,TweetyNet,0.9479075272878013,35.0,0.1772276759147644,0.3072503502803221,5.2092472712198745,4
1,180.0,10,TweetyNet,0.95875612894694,23.541666666666668,0.1391270160675048,0.2175386234892915,4.124387105306004,4
1,180.0,2,TweetyNet,0.9557765324910482,25.375,0.1441844304402669,0.2307082729465324,4.422346750895178,4
1,180.0,3,TweetyNet,0.9577533404032388,27.5,0.1400674184163411,0.2448192987729879,4.224665959676122,4
1,180.0,4,TweetyNet,0.9571576118469238,21.25,0.1429836650689443,0.1936887660503136,4.284238815307617,4
1,180.0,5,TweetyNet,0.9544948736826578,29.75,0.1460145513216654,0.265405443639113,4.550512631734216,4
1,180.0,6,TweetyNet,0.9539249738057456,29.75,0.1616280376911163,0.27090356272111,4.607502619425441,4
1,180.0,7,TweetyNet,0.9526604016621908,31.125,0.1590598324934641,0.2875280513162085,4.73395983378092,4
1,180.0,8,TweetyNet,0.9544437726338704,34.333333333333336,0.1591077546278635,0.3014930540907521,4.555622736612963,4
1,180.0,9,TweetyNet,0.9596672058105468,21.375,0.1300125618775685,0.1919206282628847,4.033279418945323,4
1,30.0,1,TweetyNet,0.9391942818959554,50.25,0.2353386084238688,0.4441050457765363,6.0805718104044555,0
1,30.0,10,TweetyNet,0.9254937171936036,60.708333333333336,0.2518244981765747,0.541094871810901,7.450628280639638,0
1,30.0,2,TweetyNet,0.9313441117604574,62.458333333333336,0.2318769296010335,0.545966768389306,6.86558882395426,0
1,30.0,3,TweetyNet,0.9400930404663086,50.083333333333336,0.2053441007932027,0.4432376414867756,5.990695953369141,0
1,30.0,4,TweetyNet,0.9464280605316162,37.75,0.1989516019821167,0.3322644264905311,5.357193946838379,0
1,30.0,5,TweetyNet,0.9285946687062582,61.958333333333336,0.2459982832272847,0.5380892607965336,7.140533129374182,0
1,30.0,6,TweetyNet,0.937686284383138,54.833333333333336,0.2269514997800191,0.4769589744665354,6.231371561686205,0
1,30.0,7,TweetyNet,0.9387264251708984,47.833333333333336,0.2156365911165873,0.4162567865664242,6.127357482910156,0
1,30.0,8,TweetyNet,0.9456854661305746,42.16666666666666,0.2013395031293233,0.3850802617203864,5.431453386942541,0
1,30.0,9,TweetyNet,0.945580244064331,50.75,0.2277225852012634,0.4480364426314547,5.4419755935668945,0
1,45.0,1,TweetyNet,0.9380704561869304,61.083333333333336,0.2206557989120483,0.553898979716598,6.192954381306959,1
1,45.0,10,TweetyNet,0.9513354301452636,36.458333333333336,0.1646661261717478,0.3210767040607459,4.8664569854736435,1
1,45.0,2,TweetyNet,0.941576639811198,45.083333333333336,0.1916378537813822,0.4009328061932531,5.842336018880201,1
1,45.0,3,TweetyNet,0.950106143951416,38.29166666666666,0.1936503450075785,0.347315401943498,4.989385604858398,1
1,45.0,4,TweetyNet,0.9438935915629068,42.625,0.1908444762229919,0.3763642568455378,5.610640843709325,1
1,45.0,5,TweetyNet,0.9387531280517578,53.25,0.2255655924479166,0.477689975062268,6.124687194824219,1
1,45.0,6,TweetyNet,0.935457706451416,53.66666666666666,0.2168775796890258,0.4836980355581965,6.454229354858398,1
1,45.0,7,TweetyNet,0.9450174967447916,44.583333333333336,0.1878482898076375,0.3875243190669064,5.4982503255208375,1
1,45.0,8,TweetyNet,0.9518905480702718,35.5,0.1704588532447815,0.3193027854656453,4.810945192972815,1
1,45.0,9,TweetyNet,0.9460051854451498,38.375,0.1832558910051981,0.337124782914828,5.399481455485022,1
1,480.0,1,TweetyNet,0.9571755727132162,27.95833333333333,0.1447932322820027,0.250378516558774,4.282442728678381,5
1,480.0,10,TweetyNet,0.960541009902954,22.166666666666668,0.1282084981600443,0.1919561800663224,3.945899009704601,5
1,480.0,2,TweetyNet,0.9580365816752116,25.83333333333333,0.1371144155661265,0.2318094800016913,4.196341832478845,5
1,480.0,3,TweetyNet,0.9563466707865396,25.08333333333333,0.1455507675806681,0.2257461385304444,4.3653329213460434,5
1,480.0,4,TweetyNet,0.9620915253957112,21.541666666666668,0.1236166954040527,0.1854718691941594,3.790847460428881,5
1,480.0,5,TweetyNet,0.9539119402567544,29.70833333333333,0.1568144063154856,0.2633146413110861,4.608805974324559,5
1,480.0,6,TweetyNet,0.956246534983317,26.33333333333333,0.1507752935091654,0.2317055761110294,4.375346501668298,5
1,480.0,7,TweetyNet,0.963155428568522,17.833333333333332,0.1202651858329773,0.1589840210858487,3.6844571431478013,5
1,480.0,8,TweetyNet,0.9546012083689372,27.625,0.1595533887545267,0.2491546595223018,4.539879163106275,5
1,480.0,9,TweetyNet,0.9618606567382812,20.875,0.123270034790039,0.179306247935876,3.813934326171875,5
1,75.0,1,TweetyNet,0.9503208001454672,34.666666666666664,0.1717317303021749,0.3135752380434647,4.967919985453284,2
1,75.0,10,TweetyNet,0.9501752853393556,31.95833333333333,0.1671635707219441,0.2817291159215141,4.9824714660644425,2
1,75.0,2,TweetyNet,0.9528155326843262,30.375,0.1627829770247141,0.2800705925997003,4.718446731567383,2
1,75.0,3,TweetyNet,0.9527180989583334,32.375,0.1565789580345153,0.2845321592647217,4.7281901041666625,2
1,75.0,4,TweetyNet,0.9525439739227296,33.041666666666664,0.1619233886400858,0.2924649711956662,4.74560260772704,2
1,75.0,5,TweetyNet,0.9422148068745932,44.66666666666666,0.1949819326400756,0.3985326633057384,5.778519312540675,2
1,75.0,6,TweetyNet,0.9499489466349283,35.458333333333336,0.1716833511988321,0.3125101212609083,5.005105336507166,2
1,75.0,7,TweetyNet,0.949055830637614,36.54166666666666,0.1758976777394612,0.3272917989363977,5.094416936238599,2
1,75.0,8,TweetyNet,0.9493001302083334,35.416666666666664,0.1792466441790262,0.3093856035594142,5.0699869791666625,2
1,75.0,9,TweetyNet,0.9433586597442628,50.04166666666666,0.204756478468577,0.4384965254260191,5.66413402557372,2
2,120.0,1,TweetyNet,0.9687742233276369,15.3,0.1077865759531657,0.2107774720722128,3.122577667236315,3
2,120.0,10,TweetyNet,0.967883046468099,15.933333333333334,0.1057407855987548,0.1980628407178422,3.2116953531901027,3
2,120.0,2,TweetyNet,0.9707138061523436,15.366666666666667,0.1011240323384602,0.2008431933169576,2.9286193847656405,3
2,120.0,3,TweetyNet,0.9619558970133464,23.433333333333334,0.1327662467956543,0.3070379499753846,3.8044102986653616,3
2,120.0,4,TweetyNet,0.9675170262654622,18.6,0.1093131860097249,0.2302678955707517,3.248297373453779,3
2,120.0,5,TweetyNet,0.9685736974080404,14.3,0.1119618892669677,0.1859956441645751,3.1426302591959554,3
2,120.0,6,TweetyNet,0.9692234675089518,13.9,0.1050596952438354,0.1835713229512924,3.077653249104817,3
2,120.0,7,TweetyNet,0.967839813232422,16.866666666666667,0.111626386642456,0.2317261789222691,3.2160186767578036,3
2,120.0,8,TweetyNet,0.9689933141072592,12.766666666666667,0.1067912260691324,0.1720400744640644,3.1006685892740804,3
2,120.0,9,TweetyNet,0.9655035654703776,16.733333333333334,0.1184031963348388,0.2129009659689952,3.4496434529622366,3
2,180.0,1,TweetyNet,0.9712371826171876,13.966666666666669,0.0977714538574218,0.1774480417945329,2.876281738281239,4
2,180.0,10,TweetyNet,0.9659928639729818,16.7,0.1234393199284871,0.2103986612431625,3.4007136027018214,4
2,180.0,2,TweetyNet,0.969975980122884,14.566666666666666,0.1018148978551228,0.1849719870429602,3.0024019877116004,4
2,180.0,3,TweetyNet,0.9658635457356772,21.133333333333333,0.1201077938079833,0.2817177023283184,3.413645426432277,4
2,180.0,4,TweetyNet,0.9681347529093424,16.566666666666666,0.1115874608357747,0.219752603550955,3.1865247090657633,4
2,180.0,5,TweetyNet,0.965631357828776,16.2,0.1198893388112386,0.2158145242766592,3.436864217122404,4
2,180.0,6,TweetyNet,0.9721359888712564,14.166666666666666,0.092399001121521,0.177432493884361,2.7864011128743593,4
2,180.0,7,TweetyNet,0.968353271484375,15.166666666666666,0.1083256959915161,0.1994100547363193,3.1646728515625,4
2,180.0,8,TweetyNet,0.96664613087972,17.233333333333334,0.1138909180959065,0.2243665858072395,3.3353869120280044,4
2,180.0,9,TweetyNet,0.967184893290202,19.1,0.1118506987889607,0.2378862022777327,3.2815106709798036,4
2,30.0,1,TweetyNet,0.9556471506754556,33.86666666666667,0.1547848701477051,0.4137999349799308,4.435284932454442,0
2,30.0,10,TweetyNet,0.956788190205892,31.3,0.152694288889567,0.3963305683424832,4.3211809794108,0
2,30.0,2,TweetyNet,0.954285176595052,25.666666666666668,0.1705418268839518,0.3427984972250202,4.5714823404948035,0
2,30.0,3,TweetyNet,0.9533681869506836,33.733333333333334,0.1733033498128255,0.420484695708911,4.663181304931641,0
2,30.0,4,TweetyNet,0.9493148803710938,37.5,0.2055795669555664,0.4717461160015203,5.068511962890621,0
2,30.0,5,TweetyNet,0.9511884053548176,39.7,0.1725323677062988,0.4923283836125989,4.881159464518237,0
2,30.0,6,TweetyNet,0.9564830780029296,27.33333333333333,0.1612899303436279,0.3696092914794647,4.351692199707036,0
2,30.0,7,TweetyNet,0.960159428914388,27.73333333333333,0.1596920172373453,0.3642147168573936,3.984057108561201,0
2,30.0,8,TweetyNet,0.9591545104980468,25.5,0.1568569501241048,0.3334962952011492,4.084548950195321,0
2,30.0,9,TweetyNet,0.9555534362792968,33.166666666666664,0.1614421685536702,0.4117781986407823,4.444656372070321,0
2,45.0,1,TweetyNet,0.9588385899861652,29.666666666666668,0.145672607421875,0.3709045659899439,4.116141001383477,1
2,45.0,10,TweetyNet,0.9598847071329752,25.2,0.1468832810719808,0.3188125684426737,4.011529286702475,1
2,45.0,2,TweetyNet,0.960391108194987,27.133333333333333,0.1369335810343424,0.3414149044274773,3.9608891805013036,1
2,45.0,3,TweetyNet,0.9626637140909832,21.466666666666665,0.1324492375055949,0.2784122216896361,3.733628590901683,1
2,45.0,4,TweetyNet,0.9644785563151042,19.03333333333333,0.1284377654393514,0.266964045425158,3.552144368489585,1
2,45.0,5,TweetyNet,0.9637751261393228,21.633333333333333,0.1343913396199544,0.2803961784804648,3.6224873860677187,1
2,45.0,6,TweetyNet,0.9607861836751302,25.6,0.1412686030069987,0.3265723006754528,3.9213816324869755,1
2,45.0,7,TweetyNet,0.9629849751790364,24.73333333333333,0.1313778400421142,0.3185464948597405,3.701502482096364,1
2,45.0,8,TweetyNet,0.9594416300455728,26.7,0.1556073188781738,0.345496538068388,4.055836995442719,1
2,45.0,9,TweetyNet,0.957120132446289,25.133333333333333,0.164908218383789,0.320147909313947,4.287986755371098,1
2,480.0,1,TweetyNet,0.9676422754923504,17.633333333333333,0.1141510566075642,0.220713854425892,3.235772450764962,5
2,480.0,10,TweetyNet,0.9693607966105144,15.1,0.1034934600194295,0.1929951595572354,3.063920338948556,5
2,480.0,2,TweetyNet,0.9686741511027018,15.033333333333331,0.1063951651255289,0.1946360578225762,3.132584889729817,5
2,480.0,3,TweetyNet,0.970278803507487,14.266666666666667,0.1016547997792561,0.195160248462951,2.9721196492513036,5
2,480.0,4,TweetyNet,0.969572385152181,13.566666666666666,0.1071550687154134,0.1767422791165876,3.0427614847818973,5
2,480.0,5,TweetyNet,0.9676720937093098,14.033333333333331,0.1146102746327718,0.1744269151860687,3.2327906290690156,5
2,480.0,6,TweetyNet,0.97231019337972,10.833333333333334,0.0888162453969319,0.1393914268272013,2.7689806620279978,5
2,480.0,7,TweetyNet,0.973350715637207,9.333333333333334,0.0868584950764974,0.1207116466110195,2.6649284362793013,5
2,480.0,8,TweetyNet,0.9731271107991536,13.733333333333333,0.0895415782928466,0.1683484146622265,2.6872889200846406,5
2,480.0,9,TweetyNet,0.9709753036499024,13.966666666666669,0.0936051368713379,0.1798160476223578,2.9024696350097634,5
2,75.0,1,TweetyNet,0.9621992111206056,19.9,0.1342657089233398,0.2665221285920307,3.780078887939442,2
2,75.0,10,TweetyNet,0.9677464803059896,14.9,0.1105677207310994,0.2083796840477896,3.2253519694010357,2
2,75.0,2,TweetyNet,0.9683711369832356,17.4,0.1178745826085408,0.2156542188932921,3.1628863016764375,2
2,75.0,3,TweetyNet,0.966264533996582,16.9,0.112878394126892,0.2165143990760041,3.3735466003418035,2
2,75.0,4,TweetyNet,0.9675788243611654,16.566666666666666,0.1153538544972737,0.2196325624258142,3.242117563883462,2
2,75.0,5,TweetyNet,0.9635659535725912,19.466666666666665,0.1271466414133707,0.258395574631692,3.6434046427408773,2
2,75.0,6,TweetyNet,0.9652742385864258,18.4,0.1294387261072794,0.2340262406161081,3.4725761413574197,2
2,75.0,7,TweetyNet,0.967631975809733,17.166666666666668,0.1148235479990641,0.2213497487085785,3.2368024190266964,2
2,75.0,8,TweetyNet,0.9653664271036784,17.766666666666666,0.1175502856572469,0.2265877647370048,3.463357289632163,2
2,75.0,9,TweetyNet,0.9665932973225912,16.866666666666667,0.1178558111190795,0.2095783403764215,3.340670267740875,2
3,120.0,1,TweetyNet,0.9552927017211914,19.5,0.148349576526218,0.2794285416246265,4.470729827880859,3
3,120.0,10,TweetyNet,0.9547389348347982,19.83333333333333,0.1380753517150879,0.29285232545609,4.526106516520178,3
3,120.0,2,TweetyNet,0.9563080469767252,17.88888888888889,0.1471696032418145,0.2627414948557403,4.369195302327478,3
3,120.0,3,TweetyNet,0.957077980041504,19.47222222222222,0.1630104515287611,0.2820085803411848,4.292201995849599,3
3,120.0,4,TweetyNet,0.9577742682562934,12.833333333333334,0.1422731346554226,0.1881722631568313,4.222573174370659,3
3,120.0,5,TweetyNet,0.9601931042141384,13.72222222222222,0.1368310848871866,0.2045237763254103,3.9806895785861607,3
3,120.0,6,TweetyNet,0.959361818101671,14.77777777777778,0.148089157210456,0.2165290052320301,4.063818189832902,3
3,120.0,7,TweetyNet,0.9555447896321616,18.944444444444443,0.1407068702909681,0.2788173079795297,4.445521036783839,3
3,120.0,8,TweetyNet,0.957832866244846,16.86111111111111,0.1463941070768568,0.2487631159295363,4.216713375515402,3
3,120.0,9,TweetyNet,0.9542198181152344,21.77777777777778,0.1553952561484443,0.3068152302248477,4.5780181884765625,3
3,180.0,1,TweetyNet,0.9584898418850368,16.61111111111111,0.1466346714231703,0.2401445706109454,4.1510158114963165,4
3,180.0,10,TweetyNet,0.9599650700887044,16.416666666666668,0.1262581745783488,0.247305338911098,4.003492991129565,4
3,180.0,2,TweetyNet,0.956245952182346,17.555555555555557,0.147007491853502,0.2467380276247802,4.375404781765402,4
3,180.0,3,TweetyNet,0.958960109286838,14.77777777777778,0.1349973811043633,0.2178343311379649,4.103989071316205,4
3,180.0,4,TweetyNet,0.960974375406901,14.083333333333334,0.1286103592978583,0.2020802564133053,3.9025624593098995,4
3,180.0,5,TweetyNet,0.9568308724297416,17.833333333333332,0.153056780497233,0.2568055998435289,4.316912757025837,4
3,180.0,6,TweetyNet,0.9534244537353516,20.25,0.1560547219382392,0.2919963813366263,4.657554626464844,4
3,180.0,7,TweetyNet,0.9560608334011502,17.27777777777778,0.1410963932673136,0.2513892493388032,4.393916659884978,4
3,180.0,8,TweetyNet,0.9482153786553276,21.61111111111111,0.170626680056254,0.3086199666991212,5.178462134467243,4
3,180.0,9,TweetyNet,0.9591793484157988,14.583333333333334,0.1468288236194186,0.2115740510935047,4.082065158420123,4
3,30.0,1,TweetyNet,0.9434121449788412,23.75,0.1866774956385294,0.3493631081812722,5.658785502115881,0
3,30.0,10,TweetyNet,0.9467046525743272,30.166666666666668,0.2100996573766072,0.4346057009337006,5.329534742567277,0
3,30.0,2,TweetyNet,0.9446226755777994,27.666666666666668,0.1972237428029378,0.4024342565753682,5.537732442220056,0
3,30.0,3,TweetyNet,0.9546324412027994,21.36111111111111,0.1900893449783325,0.2956164784300463,4.536755879720056,0
3,30.0,4,TweetyNet,0.92361937628852,50.22222222222222,0.2575331528981526,0.6974634331819718,7.638062371148003,0
3,30.0,5,TweetyNet,0.9420810275607638,32.47222222222222,0.2022908528645833,0.4667390263897944,5.791897243923616,0
3,30.0,6,TweetyNet,0.936545901828342,34.111111111111114,0.2247882154252794,0.4700161740597126,6.3454098171658035,0
3,30.0,7,TweetyNet,0.9441183937920464,32.97222222222222,0.1999621126386854,0.4562541042693532,5.588160620795357,0
3,30.0,8,TweetyNet,0.9529510074191624,22.694444444444443,0.202164093653361,0.330577029762628,4.704899258083762,0
3,30.0,9,TweetyNet,0.947077751159668,24.944444444444443,0.1773689985275268,0.3585905720637738,5.292224884033203,0
3,45.0,1,TweetyNet,0.9387968911064996,32.30555555555556,0.203547371758355,0.4543358022495629,6.120310889350044,1
3,45.0,10,TweetyNet,0.951197624206543,21.666666666666668,0.1942396693759494,0.3018788577395816,4.880237579345703,1
3,45.0,2,TweetyNet,0.9511254628499348,25.13888888888889,0.1783991787168714,0.3659780400772451,4.887453715006518,1
3,45.0,3,TweetyNet,0.9478300942314996,21.83333333333333,0.173100921842787,0.3072211673468086,5.216990576850044,1
3,45.0,4,TweetyNet,0.9532412423027886,22.47222222222222,0.2004815340042114,0.3121895499941406,4.675875769721138,1
3,45.0,5,TweetyNet,0.9523689481947156,25.08333333333333,0.169005897310045,0.3538710459008694,4.763105180528438,1
3,45.0,6,TweetyNet,0.9515594906277128,23.58333333333333,0.1643639670477973,0.3356674296195987,4.844050937228717,1
3,45.0,7,TweetyNet,0.9520673751831056,22.05555555555556,0.1654576592975192,0.3118911109102547,4.7932624816894425,1
3,45.0,8,TweetyNet,0.9481256273057724,22.27777777777778,0.1947644816504584,0.3209333344016551,5.187437269422757,1
3,45.0,9,TweetyNet,0.9482729170057508,28.72222222222222,0.2006147702534993,0.4099609181590355,5.172708299424922,1
3,480.0,1,TweetyNet,0.9611642625596788,11.916666666666666,0.1226247946421305,0.174801431213714,3.8835737440321205,5
3,480.0,10,TweetyNet,0.9599258634779188,14.694444444444445,0.1337197621663411,0.2199887859483838,4.007413652208125,5
3,480.0,2,TweetyNet,0.9592224756876628,14.22222222222222,0.1273257335027059,0.2124004078472359,4.077752431233717,5
3,480.0,3,TweetyNet,0.9629380967881944,12.694444444444445,0.1130908197826809,0.1889903038156814,3.706190321180558,5
3,480.0,4,TweetyNet,0.961853239271376,11.444444444444445,0.1206250720553928,0.1750615783413287,3.8146760728623996,5
3,480.0,5,TweetyNet,0.963865598042806,11.27777777777778,0.1163337495591905,0.1696520079218499,3.6134401957193973,5
3,480.0,6,TweetyNet,0.9571708043416342,15.5,0.1339153713650173,0.2260979197776854,4.282919565836584,5
3,480.0,7,TweetyNet,0.9626281526353624,13.22222222222222,0.1272299289703369,0.198202766412576,3.737184736463761,5
3,480.0,8,TweetyNet,0.9613215128580728,11.52777777777778,0.1171869171990288,0.1686954206889559,3.867848714192723,5
3,480.0,9,TweetyNet,0.9599061542087132,13.694444444444445,0.1259209712346395,0.205233426736039,4.0093845791286835,5
3,75.0,1,TweetyNet,0.9496323267618816,20.97222222222222,0.1666573550966051,0.292432599345275,5.036767323811842,2
3,75.0,10,TweetyNet,0.9502221213446724,22.47222222222222,0.1693425443437364,0.3229549444433841,4.977787865532757,2
3,75.0,2,TweetyNet,0.9492229885525174,25.80555555555556,0.1657962004343668,0.368535301102746,5.077701144748259,2
3,75.0,3,TweetyNet,0.9525940153333876,21.83333333333333,0.1639141903983222,0.3161755365623084,4.740598466661239,2
3,75.0,4,TweetyNet,0.95661989847819,15.36111111111111,0.1537793212466769,0.2222459358860355,4.338010152181004,2
3,75.0,5,TweetyNet,0.9575216505262588,16.22222222222222,0.1678642564349704,0.2374852620064745,4.247834947374118,2
3,75.0,6,TweetyNet,0.9571695327758788,18.5,0.1437511973910861,0.2756112974491229,4.28304672241212,2
3,75.0,7,TweetyNet,0.9536851247151692,20.72222222222222,0.150748610496521,0.3111351529721212,4.63148752848308,2
3,75.0,8,TweetyNet,0.954906251695421,19.88888888888889,0.1625728077358669,0.2902160296518711,4.509374830457902,2
3,75.0,9,TweetyNet,0.944584952460395,34.75,0.1867409414715237,0.4980009479079216,5.541504753960503,2
4,120.0,1,TweetyNet,0.9620392448023746,10.894736842105264,0.1183205905713533,0.1803712161860975,3.796075519762543,3
4,120.0,10,TweetyNet,0.9603050633480674,11.078947368421051,0.124846245113172,0.1840891722698886,3.9694936651932577,3
4,120.0,2,TweetyNet,0.9613772944400184,10.578947368421051,0.1265805896959806,0.1703617758543159,3.8622705559981596,3
4,120.0,3,TweetyNet,0.9558341377659848,15.263157894736842,0.1539218927684583,0.2332059046208549,4.41658622340152,3
4,120.0,4,TweetyNet,0.9625551324141652,10.026315789473683,0.1258281155636436,0.160496743167585,3.7444867585834762,3
4,120.0,5,TweetyNet,0.9639907636140522,9.710526315789474,0.1097738366377981,0.1573914837559206,3.6009236385947774,3
4,120.0,6,TweetyNet,0.9602945227372018,10.526315789473683,0.1275422573089599,0.1686461594525653,3.970547726279816,3
4,120.0,7,TweetyNet,0.9619118539910568,10.421052631578949,0.1185524338170101,0.1656240370853572,3.808814600894317,3
4,120.0,8,TweetyNet,0.9658277411209908,9.81578947368421,0.1045148874583997,0.1607327123038807,3.417225887900921,3
4,120.0,9,TweetyNet,0.9682565990247224,8.0,0.102697027357001,0.1283022030206898,3.1743400975277614,3
4,180.0,1,TweetyNet,0.9650436200593648,9.289473684210526,0.1112938178213019,0.1476622972043578,3.4956379940635163,4
4,180.0,10,TweetyNet,0.9655710521497224,8.868421052631579,0.1047065697218242,0.1430371120274745,3.4428947850277614,4
4,180.0,2,TweetyNet,0.966025804218493,9.421052631578949,0.1061040225781892,0.1541533047264903,3.3974195781506955,4
4,180.0,3,TweetyNet,0.9654054139789782,10.789473684210526,0.1059353100626092,0.1772030281154808,3.4594586021021834,4
4,180.0,4,TweetyNet,0.9655697471217104,9.342105263157896,0.1041153857582493,0.1469146864544528,3.4430252878289602,4
4,180.0,5,TweetyNet,0.9625963913766962,10.63157894736842,0.1199859317980314,0.1714341376981823,3.740360862330383,4
4,180.0,6,TweetyNet,0.966109225624486,10.578947368421051,0.0983168702376516,0.1693871520318261,3.389077437551402,4
4,180.0,7,TweetyNet,0.9667278089021382,7.631578947368421,0.1023604116941753,0.124107379783608,3.3272191097861836,4
4,180.0,8,TweetyNet,0.964035335339998,11.105263157894736,0.1150165608054713,0.1790114582226544,3.5964664660002033,4
4,180.0,9,TweetyNet,0.968130212081106,8.68421052631579,0.0959616334814774,0.1404937479605925,3.1869787918894055,4
4,30.0,1,TweetyNet,0.960873854787726,12.473684210526317,0.1733448379918148,0.202949083738131,3.9126145212273977,0
4,30.0,10,TweetyNet,0.9506412305329976,16.210526315789473,0.1561826279288844,0.2589430787032216,4.935876946700235,0
4,30.0,2,TweetyNet,0.962245740388569,9.394736842105264,0.1356913666976125,0.1498616141721428,3.7754259611430974,0
4,30.0,3,TweetyNet,0.9604093652022512,13.842105263157896,0.1447755412051552,0.2075644777664518,3.9590634797748825,0
4,30.0,4,TweetyNet,0.9609167199385794,11.63157894736842,0.1414934835935893,0.1835516957403149,3.908328006142059,0
4,30.0,5,TweetyNet,0.9551282179983038,15.342105263157896,0.1523106474625437,0.2404388356680638,4.487178200169617,0
4,30.0,6,TweetyNet,0.948132364373458,22.973684210526315,0.1744335074173776,0.359838617005151,5.186763562654195,0
4,30.0,7,TweetyNet,0.956476412321392,16.605263157894736,0.1540100950943796,0.2632543716953748,4.352358767860798,0
4,30.0,8,TweetyNet,0.9596401013826068,12.68421052631579,0.1381618098208779,0.2006579076518975,4.03598986173932,0
4,30.0,9,TweetyNet,0.9520247609991777,15.86842105263158,0.1553769864534077,0.2491777894018466,4.7975239000822345,0
4,45.0,1,TweetyNet,0.961606276662726,11.157894736842104,0.1267986172123959,0.1814702441686526,3.8393723337273977,1
4,45.0,10,TweetyNet,0.9604623694168892,12.289473684210526,0.1344907911200272,0.2016276190378564,3.953763058311077,1
4,45.0,2,TweetyNet,0.9543379733436986,15.86842105263158,0.1502150861840499,0.2531253678543569,4.566202665630136,1
4,45.0,3,TweetyNet,0.9567714490388568,12.0,0.1486831338782059,0.1884292370909341,4.32285509611432,1
4,45.0,4,TweetyNet,0.94879150390625,18.0,0.1667522003776148,0.3013937201082383,5.120849609375,1
4,45.0,5,TweetyNet,0.9624947999653064,10.710526315789474,0.1269688104328356,0.1763539342714579,3.7505200034693598,1
4,45.0,6,TweetyNet,0.9635591005024156,10.86842105263158,0.1287463589718467,0.1823294783745874,3.6440899497584445,1
4,45.0,7,TweetyNet,0.9639284234297903,9.973684210526317,0.1157108984495464,0.1602502757153853,3.607157657020965,1
4,45.0,8,TweetyNet,0.959566216719778,12.026315789473683,0.1315225801969829,0.1846984152853477,4.043378328022196,1
4,45.0,9,TweetyNet,0.9592766008879008,14.052631578947368,0.130002686851903,0.2306285894977013,4.072339911209921,1
4,480.0,1,TweetyNet,0.9665977076480264,8.605263157894736,0.0988692672629105,0.1446552943154347,3.340229235197356,5
4,480.0,10,TweetyNet,0.9647614328484786,9.81578947368421,0.1130695844951428,0.1543818955140498,3.5238567151521405,5
4,480.0,2,TweetyNet,0.9700820320530942,7.868421052631579,0.0912086649944907,0.1291481901500212,2.991796794690582,5
4,480.0,3,TweetyNet,0.9589606837222452,13.894736842105264,0.1400667993645919,0.2190691722822081,4.103931627775481,5
4,480.0,4,TweetyNet,0.964826182315224,9.552631578947368,0.1133948376304224,0.1576124634145329,3.517381768477601,5
4,480.0,5,TweetyNet,0.9664232354415092,8.894736842105264,0.1029429874922099,0.1432906115582103,3.357676455849079,5
4,480.0,6,TweetyNet,0.9685225235788446,7.0,0.0954247462122063,0.1093041608815414,3.1477476421155393,5
4,480.0,7,TweetyNet,0.9648330086155942,10.31578947368421,0.1130716424239309,0.1621444743246229,3.516699138440582,5
4,480.0,8,TweetyNet,0.9644588671232524,11.5,0.1103499312149851,0.1873921348487599,3.554113287674765,5
4,480.0,9,TweetyNet,0.9674718756424752,10.447368421052632,0.0984114471234773,0.1716888985034274,3.2528124357524835,5
4,75.0,1,TweetyNet,0.966709337736431,9.105263157894736,0.1030750086433009,0.1514688764057584,3.3290662263569026,2
4,75.0,10,TweetyNet,0.9622411225971422,8.552631578947368,0.1207927151730186,0.1407259379860461,3.775887740285777,2
4,75.0,2,TweetyNet,0.9585655613949424,12.394736842105264,0.1255786544398257,0.2043543460847059,4.143443860505758,2
4,75.0,3,TweetyNet,0.9595414211875514,10.68421052631579,0.1327025890350341,0.1693673143876525,4.045857881244864,2
4,75.0,4,TweetyNet,0.9627730720921568,11.13157894736842,0.1174628232654772,0.1675644060899961,3.722692790784321,2
4,75.0,5,TweetyNet,0.9612701817562704,11.973684210526317,0.1316577007896021,0.2025077909217158,3.8729818243729563,2
4,75.0,6,TweetyNet,0.9672753183465256,9.578947368421051,0.1044471201143766,0.1556708301885685,3.272468165347442,2
4,75.0,7,TweetyNet,0.9605799223247328,10.026315789473683,0.1261813766077945,0.1596729462526772,3.942007767526723,2
4,75.0,8,TweetyNet,0.9669493625038548,8.736842105263158,0.1154049697675203,0.1461517970722134,3.305063749614523,2
4,75.0,9,TweetyNet,0.9646005128559312,10.13157894736842,0.1249013072565982,0.1611483815571507,3.539948714406882,2
5,120.0,1,TweetyNet,0.9701637086414155,7.261904761904762,0.109252134958903,0.2061098817580664,2.9836291358584455,3
5,120.0,10,TweetyNet,0.965794881184896,10.547619047619047,0.1349090053921654,0.2778877268529036,3.420511881510402,3
5,120.0,2,TweetyNet,0.9679705301920573,8.404761904761905,0.1102449893951416,0.2341505477518703,3.2029469807942745,3
5,120.0,3,TweetyNet,0.9658557346888952,8.119047619047619,0.1318283308120001,0.1945432915953313,3.4144265311104816,3
5,120.0,4,TweetyNet,0.9666148594447544,8.738095238095237,0.1170052119663783,0.2376811820052757,3.338514055524555,3
5,120.0,5,TweetyNet,0.9675554547991072,9.285714285714286,0.1167502857389904,0.2763105629022314,3.2444545200892794,3
5,120.0,6,TweetyNet,0.9680484590076264,8.428571428571429,0.1141412598746163,0.2315125016656795,3.195154099237363,3
5,120.0,7,TweetyNet,0.9676039559500558,9.785714285714286,0.1246870018187023,0.2773209248609301,3.239604404994423,3
5,120.0,8,TweetyNet,0.966927028837658,8.547619047619047,0.122783274877639,0.2514801017534727,3.307297116234198,3
5,120.0,9,TweetyNet,0.9688615344819568,8.666666666666666,0.1174642244974772,0.2682055518325753,3.1138465518043223,3
5,180.0,1,TweetyNet,0.9658551897321428,9.0,0.1216308957054501,0.2429237827934511,3.4144810267857206,4
5,180.0,10,TweetyNet,0.9694166637602306,7.380952380952381,0.1083764235178629,0.2245806202235071,3.0583336239769388,4
5,180.0,2,TweetyNet,0.9644155956449962,9.976190476190476,0.1324204263233003,0.2698616782458633,3.5584404355003763,4
5,180.0,3,TweetyNet,0.9695016770135788,9.30952380952381,0.1165079956962948,0.2518801241903975,3.049832298642119,4
5,180.0,4,TweetyNet,0.9673862457275392,7.976190476190476,0.116186051141648,0.2213329407935943,3.2613754272460826,4
5,180.0,5,TweetyNet,0.9651769002278646,11.785714285714286,0.1320081778935023,0.3031888506334385,3.482309977213538,4
5,180.0,6,TweetyNet,0.9685545421781994,9.428571428571429,0.1139289311000279,0.2490676422841521,3.1445457821800638,4
5,180.0,7,TweetyNet,0.9696537199474516,7.928571428571429,0.12343430519104,0.2119330052820841,3.034628005254836,4
5,180.0,8,TweetyNet,0.9656937008812314,10.666666666666666,0.1239111309959774,0.2615759546195836,3.430629911876859,4
5,180.0,9,TweetyNet,0.9651847112746466,11.714285714285714,0.1243074280875069,0.2919662590857407,3.4815288725353444,4
5,30.0,1,TweetyNet,0.961263929094587,14.952380952380953,0.1527753557477678,0.3570545087859381,3.873607090541298,0
5,30.0,10,TweetyNet,0.9601881844656808,13.88095238095238,0.1736270246051606,0.323069372330669,3.981181553431923,0
5,30.0,2,TweetyNet,0.9562844775971912,17.476190476190474,0.1707022530691964,0.4222397847951228,4.371552240280884,0
5,30.0,3,TweetyNet,0.963644754318964,11.976190476190476,0.1464440141405378,0.2635136992239603,3.6355245681035986,0
5,30.0,4,TweetyNet,0.9581930977957588,17.38095238095238,0.1864349955604189,0.4163852420710898,4.180690220424122,0
5,30.0,5,TweetyNet,0.95917238507952,17.30952380952381,0.1692778042384556,0.4043196684774495,4.082761492048004,0
5,30.0,6,TweetyNet,0.9620320456368584,14.88095238095238,0.1614066192081996,0.383474864103873,3.79679543631416,0
5,30.0,7,TweetyNet,0.9530684153238932,19.73809523809524,0.1890632879166376,0.4883255476408993,4.693158467610681,0
5,30.0,8,TweetyNet,0.960689907982236,15.023809523809524,0.1810143334524972,0.4487346813319556,3.931009201776403,0
5,30.0,9,TweetyNet,0.9579554058256604,16.857142857142858,0.1604156494140625,0.3975361872340192,4.204459417433959,0
5,45.0,1,TweetyNet,0.9643755413237072,10.357142857142858,0.1478715851193382,0.2676304576178472,3.5624458676292825,1
5,45.0,10,TweetyNet,0.9659023284912108,11.428571428571429,0.1520960671561105,0.2961006987495926,3.4097671508789174,1
5,45.0,2,TweetyNet,0.9628831772577195,11.095238095238097,0.1452490488688151,0.3231768595283889,3.7116822742280453,1
5,45.0,3,TweetyNet,0.96498780023484,12.428571428571429,0.1676226116362072,0.3036652258802852,3.5012199765160013,1
5,45.0,4,TweetyNet,0.953169686453683,14.976190476190476,0.1723558108011881,0.3268902382607384,4.683031354631694,1
5,45.0,5,TweetyNet,0.95868900844029,16.023809523809526,0.1745443117050897,0.4109391247265602,4.131099155970997,1
5,45.0,6,TweetyNet,0.9576781136648996,18.33333333333333,0.1641622043791271,0.4137546230467623,4.232188633510036,1
5,45.0,7,TweetyNet,0.9645739964076452,12.30952380952381,0.1436124983287993,0.3078544626912565,3.5426003592354816,1
5,45.0,8,TweetyNet,0.9644116901216052,13.11904761904762,0.1380114895956856,0.330285218782163,3.5588309878394786,1
5,45.0,9,TweetyNet,0.9659151349748883,10.11904761904762,0.1531513532002767,0.2539623813078827,3.4084865025111655,1
5,480.0,1,TweetyNet,0.9683062235514324,8.523809523809524,0.108174028850737,0.2305263627988636,3.1693776448567634,5
5,480.0,10,TweetyNet,0.9679742540631976,9.333333333333334,0.1173583439418247,0.2294141349713715,3.2025745936802408,5
5,480.0,2,TweetyNet,0.9727597009567988,7.071428571428571,0.1001557622637067,0.171504083474017,2.7240299043201244,5
5,480.0,3,TweetyNet,0.9686497279575892,8.976190476190476,0.1111648650396437,0.2287164059012398,3.135027204241081,5
5,480.0,4,TweetyNet,0.9713285536993116,7.119047619047619,0.1084955987476167,0.1632339784058293,2.867144630068841,5
5,480.0,5,TweetyNet,0.9702253795805432,8.047619047619047,0.1065549169267926,0.1943831195261231,2.9774620419456777,5
5,480.0,6,TweetyNet,0.9715425400506884,7.738095238095238,0.105686414809454,0.2036991441234046,2.845745994931159,5
5,480.0,7,TweetyNet,0.9698697044735864,7.547619047619047,0.1086563269297282,0.1646555152076967,3.0130295526413553,5
5,480.0,8,TweetyNet,0.9708160218738374,7.238095238095238,0.1046805722372872,0.1799932970153905,2.918397812616258,5
5,480.0,9,TweetyNet,0.9684652600969588,9.047619047619047,0.1154211816333589,0.1993489537603682,3.153473990304123,5
5,75.0,1,TweetyNet,0.966537384759812,10.523809523809524,0.1256530171348935,0.2849882544780982,3.346261524018801,2
5,75.0,10,TweetyNet,0.9677418300083706,10.333333333333334,0.1577084064483642,0.2926630233260278,3.225816999162945,2
5,75.0,2,TweetyNet,0.9632468450637092,12.547619047619047,0.1335896310352143,0.3130793326340077,3.6753154936290833,2
5,75.0,3,TweetyNet,0.9647000630696616,10.785714285714286,0.1356607845851353,0.2368649517074858,3.5299936930338394,2
5,75.0,4,TweetyNet,0.9681354704357328,9.428571428571429,0.1292399678911481,0.2635938068797858,3.186452956426722,2
5,75.0,5,TweetyNet,0.9669983273460752,9.357142857142858,0.12388733455113,0.2245030892711987,3.300167265392484,2
5,75.0,6,TweetyNet,0.9677979605538504,9.333333333333334,0.1215080760774158,0.2350279884027521,3.2202039446149633,2
5,75.0,7,TweetyNet,0.9657372065952846,11.095238095238097,0.1460974216461181,0.2736016859466207,3.4262793404715386,2
5,75.0,8,TweetyNet,0.96254639398484,12.5,0.1572910376957484,0.3778773735517498,3.7453606015160013,2
5,75.0,9,TweetyNet,0.9679639907110305,9.214285714285714,0.1307146889822823,0.2698639404992669,3.2036009288969547,2
6,120.0,1,TweetyNet,0.9670501035802505,10.558823529411764,0.0941895597121294,0.1455430855552405,3.2949896419749547,3
6,120.0,10,TweetyNet,0.9694431529325598,12.794117647058824,0.0917716727537267,0.1753524514167327,3.055684706744022,3
6,120.0,2,TweetyNet,0.9632072448730468,11.911764705882351,0.1115431014229269,0.1630655069109513,3.6792755126953236,3
6,120.0,3,TweetyNet,0.9681326922248392,10.676470588235292,0.0977409587186925,0.1442230453780793,3.186730777516078,3
6,120.0,4,TweetyNet,0.96440247928395,10.088235294117649,0.1058322121115291,0.1377316252756323,3.5597520716050046,3
6,120.0,5,TweetyNet,0.9668089922736672,10.294117647058824,0.1042385311687693,0.1407444869301468,3.3191007726332766,3
6,120.0,6,TweetyNet,0.9663695167092716,11.117647058823527,0.103205218034632,0.1521784960951063,3.3630483290728375,3
6,120.0,7,TweetyNet,0.968279109281652,11.235294117647058,0.0964104007272159,0.1495551711241088,3.172089071834805,3
6,120.0,8,TweetyNet,0.9645484475528492,11.794117647058824,0.1061848682515761,0.1576283374155658,3.5451552447150814,3
6,120.0,9,TweetyNet,0.9674843058866612,10.088235294117649,0.0973944173139684,0.1348968687257592,3.2515694113338767,3
6,180.0,1,TweetyNet,0.9666419309728286,10.441176470588236,0.1049872496548821,0.1389389919946007,3.335806902717142,4
6,180.0,10,TweetyNet,0.9678229163674748,10.764705882352942,0.0968925882788265,0.1478748549762748,3.217708363252525,4
6,180.0,2,TweetyNet,0.9700151331284468,9.764705882352942,0.0872124363394344,0.1325467289661639,2.9984866871553217,4
6,180.0,3,TweetyNet,0.9663839901194852,11.117647058823527,0.1028523515252506,0.1551774417886967,3.361600988051483,4
6,180.0,4,TweetyNet,0.9670129663803998,10.823529411764708,0.0992489422068876,0.1496259824746422,3.2987033619600203,4
6,180.0,5,TweetyNet,0.9698194615981158,11.470588235294118,0.0888474618687349,0.15407729864484,3.018053840188417,4
6,180.0,6,TweetyNet,0.966599183924058,9.382352941176473,0.1008950121262494,0.128150870089687,3.340081607594203,4
6,180.0,7,TweetyNet,0.9709530998678768,11.088235294117649,0.0825694518930771,0.1540590269341763,2.904690013212319,4
6,180.0,8,TweetyNet,0.97015100366929,10.411764705882351,0.0875545740127563,0.1402686712797741,2.984899633071003,4
6,180.0,9,TweetyNet,0.9641849293428308,12.088235294117649,0.1154087291044347,0.1652578394758386,3.5815070657169157,4
6,30.0,1,TweetyNet,0.9578847324146944,16.823529411764707,0.1325485566083122,0.2286995929236667,4.211526758530559,0
6,30.0,10,TweetyNet,0.962329527911018,14.147058823529411,0.1289681406582103,0.1893780726605612,3.7670472088982,0
6,30.0,2,TweetyNet,0.9550028408274932,18.41176470588235,0.1458612610312069,0.2450472285243869,4.499715917250679,0
6,30.0,3,TweetyNet,0.9514723385081572,22.058823529411764,0.1777935729307287,0.2950258229790886,4.852766149184284,0
6,30.0,4,TweetyNet,0.960965212653665,14.088235294117649,0.1282821402830236,0.192468880401892,3.903478734633503,0
6,30.0,5,TweetyNet,0.9598680384018842,14.705882352941176,0.1221926072064568,0.1976275744380926,4.013196159811583,0
6,30.0,6,TweetyNet,0.9629739873549518,13.264705882352942,0.1263127887950224,0.1781035374995457,3.7026012645048234,0
6,30.0,7,TweetyNet,0.9600546219769646,12.941176470588236,0.1533366091111127,0.1746402886756153,3.994537802303544,0
6,30.0,8,TweetyNet,0.9564655528349036,14.941176470588236,0.1503479761235854,0.2087009820475839,4.353444716509635,0
6,30.0,9,TweetyNet,0.9573326110839844,15.176470588235292,0.1363829023697797,0.2053066412693015,4.2667388916015625,0
6,45.0,1,TweetyNet,0.9605201272403492,16.58823529411765,0.122790350633509,0.2221992834615008,3.9479872759650814,1
6,45.0,10,TweetyNet,0.9647428849164176,10.911764705882351,0.1191185782937442,0.1506215680630918,3.5257115083582424,1
6,45.0,2,TweetyNet,0.9646247414981618,11.529411764705882,0.1119222290375653,0.1535284387665692,3.5375258501838203,1
6,45.0,3,TweetyNet,0.9612546808579387,13.205882352941176,0.1214658232296214,0.17856301408597,3.874531914206125,1
6,45.0,4,TweetyNet,0.9611815284280216,12.5,0.1251100792604334,0.1697374859471355,3.8818471571978375,1
6,45.0,5,TweetyNet,0.9624582178452435,11.264705882352942,0.1304787748000201,0.1527160533299526,3.7541782154756453,1
6,45.0,6,TweetyNet,0.9628881566664752,12.735294117647058,0.1271791458129882,0.1705313481866638,3.7111843333524797,1
6,45.0,7,TweetyNet,0.9659427194034352,11.588235294117649,0.1112839053658878,0.1592276128864349,3.4057280596564765,1
6,45.0,8,TweetyNet,0.9631970349480125,12.558823529411764,0.1307725064894732,0.1737550344053585,3.6802965051987546,1
6,45.0,9,TweetyNet,0.9553669200224036,17.470588235294116,0.1544438951155718,0.2342476603098434,4.463307997759635,1
6,480.0,1,TweetyNet,0.9726139517391428,10.588235294117649,0.0821283424601835,0.1435880945084914,2.738604826085722,5
6,480.0,10,TweetyNet,0.9653166602639592,9.588235294117649,0.105341259170981,0.1308109256220211,3.4683339736040764,5
6,480.0,2,TweetyNet,0.9688323525821462,10.617647058823527,0.0885109831305111,0.1448918942561964,3.1167647417853828,5
6,480.0,3,TweetyNet,0.9585647583007812,12.970588235294118,0.1318873237161075,0.1748622401805665,4.143524169921875,5
6,480.0,4,TweetyNet,0.9720097710104548,9.058823529411764,0.0810912006041583,0.1235118932738005,2.7990228989545174,5
6,480.0,5,TweetyNet,0.9645604526295382,11.5,0.1146659290089326,0.1528202236792356,3.5439547370461844,5
6,480.0,6,TweetyNet,0.9704362083883846,11.764705882352942,0.0868569752749274,0.1606513472125009,2.9563791611615375,5
6,480.0,7,TweetyNet,0.9680783888872933,12.264705882352942,0.0902498890371883,0.1654136891239589,3.192161111270675,5
6,480.0,8,TweetyNet,0.9677109437830308,11.029411764705882,0.0963384474025053,0.1485243699581706,3.2289056216969203,5
6,480.0,9,TweetyNet,0.9685976365033316,10.882352941176473,0.0920908661449656,0.1476436460344099,3.140236349666836,5
6,75.0,1,TweetyNet,0.9646853278664982,11.588235294117649,0.1038938550388111,0.1546659475400266,3.531467213350181,2
6,75.0,10,TweetyNet,0.9592893263872933,11.941176470588236,0.1269118365119485,0.1640507687907461,4.071067361270675,2
6,75.0,2,TweetyNet,0.9642295837402344,13.911764705882351,0.1061701634350945,0.1885808635185644,3.5770416259765625,2
6,75.0,3,TweetyNet,0.9562025631175322,14.470588235294118,0.1340462179744944,0.1931522901866164,4.379743688246784,2
6,75.0,4,TweetyNet,0.9668276169720816,13.0,0.0983854882857378,0.1756581301403354,3.317238302791836,2
6,75.0,5,TweetyNet,0.9646333806654986,13.235294117647058,0.1106842616025139,0.1803665824632182,3.536661933450136,2
6,75.0,6,TweetyNet,0.9711565129897174,10.352941176470589,0.0869217550053316,0.1454539200867246,2.884348701028261,2
6,75.0,7,TweetyNet,0.9684346142937156,12.147058823529411,0.1071157525567447,0.164456383363023,3.156538570628442,2
6,75.0,8,TweetyNet,0.9626072154325598,13.411764705882351,0.1135780460694256,0.1796921614622752,3.739278456744022,2
6,75.0,9,TweetyNet,0.9594237383674172,15.058823529411764,0.122966121224796,0.2002127990089545,4.057626163258277,2
7,120.0,1,TweetyNet,0.9744786655201632,8.529411764705882,0.0785748537848977,0.137856595113184,2.5521334479836844,3
7,120.0,10,TweetyNet,0.9747486114501952,9.764705882352942,0.0827291011810302,0.1501926868139365,2.52513885498048,3
7,120.0,2,TweetyNet,0.9720920113956228,11.647058823529411,0.0887063531314625,0.1900860872513734,2.7907988604377154,3
7,120.0,3,TweetyNet,0.9748311884262982,9.882352941176473,0.0856570215786204,0.1584070818387808,2.5168811573701766,3
7,120.0,4,TweetyNet,0.9739255344166476,8.088235294117647,0.085597276687622,0.1303764912341971,2.6074465583352358,3
7,120.0,5,TweetyNet,0.9755346634808708,7.382352941176471,0.0802171019946827,0.1172734487255723,2.446533651912919,3
7,120.0,6,TweetyNet,0.9760959849638098,6.235294117647059,0.080634825369891,0.0979139330423943,2.390401503619022,3
7,120.0,7,TweetyNet,0.9734537461224724,10.323529411764708,0.0872574904385735,0.1619795855324539,2.6546253877527626,3
7,120.0,8,TweetyNet,0.9723168541403376,12.852941176470589,0.0937136341543758,0.195746782910924,2.768314585966236,3
7,120.0,9,TweetyNet,0.9740828345803654,11.352941176470589,0.0856211185455322,0.1749698212463617,2.5917165419634625,3
7,180.0,1,TweetyNet,0.976703643798828,8.264705882352942,0.0780283913892858,0.1270128995339965,2.3296356201171986,4
7,180.0,10,TweetyNet,0.9743832980885224,8.441176470588236,0.0865172778858858,0.1304741689915484,2.561670191147758,4
7,180.0,2,TweetyNet,0.971676321590648,12.264705882352942,0.0989588779561659,0.1902198643482829,2.8323678409352016,4
7,180.0,3,TweetyNet,0.9738021177404068,8.735294117647058,0.086734883925494,0.1378245057389244,2.6197882259593186,4
7,180.0,4,TweetyNet,0.9751889845904184,7.882352941176471,0.077927126603968,0.125760279689406,2.481101540958164,4
7,180.0,5,TweetyNet,0.9722531262566062,9.852941176470589,0.0939132395912619,0.1524224384984146,2.7746873743393796,4
7,180.0,6,TweetyNet,0.9757251739501952,9.823529411764708,0.0744433403015136,0.1539160604877013,2.42748260498048,4
7,180.0,7,TweetyNet,0.971107370713178,10.470588235294118,0.0957417978959925,0.164172893457112,2.8892629286822014,4
7,180.0,8,TweetyNet,0.9766725652358113,7.352941176470588,0.0729273347293629,0.1165898933800478,2.332743476418875,4
7,180.0,9,TweetyNet,0.9752279169419232,9.676470588235292,0.0819693663541008,0.1507577548236709,2.4772083058076766,4
7,30.0,1,TweetyNet,0.9739411297966452,10.529411764705882,0.1034313089707318,0.162521670982449,2.6058870203354845,0
7,30.0,10,TweetyNet,0.9704574136173024,13.823529411764708,0.1075299206901999,0.212769200362564,2.9542586382697578,0
7,30.0,2,TweetyNet,0.9689083099365234,15.529411764705882,0.1099696159362793,0.2375504999650839,3.1091690063476562,0
7,30.0,3,TweetyNet,0.9709499583524815,12.852941176470589,0.1046311013838824,0.2034657128603279,2.9050041647518454,0
7,30.0,4,TweetyNet,0.9657949559828816,16.470588235294116,0.1152622419245102,0.2532889378475756,3.4205044017118436,0
7,30.0,5,TweetyNet,0.965994442210478,24.5,0.1185602861292222,0.3605566229662461,3.4005557789521967,0
7,30.0,6,TweetyNet,0.9670864554012524,12.441176470588236,0.1181403889375574,0.1879668019019358,3.2913544598747624,0
7,30.0,7,TweetyNet,0.9682286206413718,16.823529411764707,0.1183922851786894,0.2537703718697158,3.177137935862817,0
7,30.0,8,TweetyNet,0.9678827173569624,16.058823529411764,0.1108486512128044,0.2421966929226048,3.2117282643037592,0
7,30.0,9,TweetyNet,0.9621319490320542,28.647058823529413,0.1282796719494988,0.4267514794576011,3.7868050967945766,0
7,45.0,1,TweetyNet,0.9649259903851676,19.73529411764705,0.1179156864390653,0.304279256144209,3.5074009614832424,1
7,45.0,10,TweetyNet,0.972959181841682,14.088235294117649,0.0950602924122529,0.2147283805138387,2.7040818158318047,1
7,45.0,2,TweetyNet,0.9736659106086282,10.029411764705882,0.0909176784403184,0.1527270153788784,2.633408939137183,1
7,45.0,3,TweetyNet,0.9709666757022634,11.852941176470589,0.1067054341821109,0.1827096955564207,2.903332429773664,1
7,45.0,4,TweetyNet,0.9749227411606732,9.088235294117649,0.0923206525690415,0.1459487386595365,2.5077258839326766,1
7,45.0,5,TweetyNet,0.9717601327335134,13.676470588235292,0.0975391163545496,0.2042112309250194,2.823986726648664,1
7,45.0,6,TweetyNet,0.9724705640007468,11.323529411764708,0.0940713882446289,0.1774635170573437,2.752943599925317,1
7,45.0,7,TweetyNet,0.9739021974451402,10.882352941176473,0.0914337284424725,0.1706617253829777,2.609780255485983,1
7,45.0,8,TweetyNet,0.9737291897044462,10.882352941176473,0.0951743125915527,0.1653508935996941,2.627081029555378,1
7,45.0,9,TweetyNet,0.9743384192971624,9.558823529411764,0.0907440536162432,0.146714152621709,2.566158070283764,1
7,480.0,1,TweetyNet,0.9742673986098346,8.411764705882353,0.0793548892526065,0.132395643818455,2.573260139016542,5
7,480.0,10,TweetyNet,0.9721311681410846,9.352941176470589,0.0943318114561193,0.1407419277951174,2.786883185891542,5
7,480.0,2,TweetyNet,0.974625867955825,7.882352941176471,0.0829609071507173,0.121236733530613,2.5374132044175046,5
7,480.0,3,TweetyNet,0.9752519270953012,9.676470588235292,0.0783780602847828,0.1474322398866486,2.4748072904698826,5
7,480.0,4,TweetyNet,0.9731696633731618,9.529411764705882,0.0890750604517319,0.1484293171645236,2.6830336626838203,5
7,480.0,5,TweetyNet,0.976204142850988,7.411764705882353,0.0788389374228084,0.114796493492878,2.3795857149012,5
7,480.0,6,TweetyNet,0.9773617912741268,6.735294117647059,0.0680221108829274,0.1031575045301552,2.263820872587319,5
7,480.0,7,TweetyNet,0.9758204291848576,8.117647058823529,0.0760697547127218,0.1265095175321168,2.4179570815142437,5
7,480.0,8,TweetyNet,0.9712187823127296,11.176470588235292,0.0974973159677842,0.1685174104112286,2.8781217687270377,5
7,480.0,9,TweetyNet,0.9737289653104896,9.970588235294118,0.0869618584127987,0.1558949420735423,2.627103468951042,5
7,75.0,1,TweetyNet,0.9723497278550092,12.323529411764708,0.092331703971414,0.1939319457894645,2.765027214499083,2
7,75.0,10,TweetyNet,0.973422779756434,10.735294117647058,0.0851364626603968,0.1747375944600846,2.6577220243566013,2
7,75.0,2,TweetyNet,0.9697595484116498,14.558823529411764,0.1012999310212976,0.2242584191417524,3.0240451588350203,2
7,75.0,3,TweetyNet,0.9704027736888212,11.235294117647058,0.0968774907729205,0.1765677018225102,2.959722631117878,2
7,75.0,4,TweetyNet,0.9739317052504596,9.411764705882351,0.0891283189549165,0.1478472037682339,2.606829474954042,2
7,75.0,5,TweetyNet,0.9703189625459558,15.382352941176473,0.0988302721696741,0.2354181667002088,2.9681037454044157,2
7,75.0,6,TweetyNet,0.9746995813706342,10.205882352941176,0.0901703694287468,0.1602395583000534,2.530041862936583,2
7,75.0,7,TweetyNet,0.9694718753590305,11.0,0.1031903589473051,0.1663462508046815,3.0528124640969545,2
7,75.0,8,TweetyNet,0.9709561291862936,13.970588235294118,0.0992092455134672,0.2143888318504147,2.9043870813706407,2
7,75.0,9,TweetyNet,0.9754392960492302,9.176470588235292,0.0891758764491361,0.1425160548285708,2.4560703950769813,2
8,120.0,1,TweetyNet,0.9655064601524204,9.764705882352942,0.1153442345413507,0.312971859029898,3.4493539847579635,3
8,120.0,10,TweetyNet,0.9669654696595436,7.294117647058823,0.099372807671042,0.2310159792375233,3.3034530340456447,3
8,120.0,2,TweetyNet,0.9615055907006356,10.84313725490196,0.1219131619322533,0.3057203391084568,3.849440929936443,3
8,120.0,3,TweetyNet,0.9639249315448836,8.666666666666666,0.1337545619291417,0.2849209062032404,3.6075068455116432,3
8,120.0,4,TweetyNet,0.9629579431870404,11.705882352941176,0.1147339390773399,0.3304945799888773,3.704205681295958,3
8,120.0,5,TweetyNet,0.963616689046224,8.745098039215685,0.1084030001771216,0.26325305210093,3.6383310953776005,3
8,120.0,6,TweetyNet,0.9621030770096124,10.68627450980392,0.1151931893591787,0.331237482250873,3.7896922990387605,3
8,120.0,7,TweetyNet,0.966397528554879,7.666666666666667,0.1037528094123391,0.2415745705788204,3.3602471445120963,3
8,120.0,8,TweetyNet,0.9635011261584712,9.215686274509803,0.1152386665344238,0.267211138821641,3.6498873841528834,3
8,120.0,9,TweetyNet,0.9579603157791436,11.72549019607843,0.1366254956114526,0.3444502163650809,4.2039684220856355,3
8,180.0,1,TweetyNet,0.964831782322304,8.901960784313726,0.1032180879630294,0.2971585252090463,3.5168217677695957,4
8,180.0,10,TweetyNet,0.9602331273696002,11.627450980392156,0.1229957131778492,0.3528890711709009,3.9766872630399797,4
8,180.0,2,TweetyNet,0.9627408046348422,10.03921568627451,0.1120981422125124,0.2875026718399636,3.725919536515776,4
8,180.0,3,TweetyNet,0.96024367388557,10.215686274509803,0.1451659670063093,0.3087669641031623,3.975632611443003,4
8,180.0,4,TweetyNet,0.9605825835583256,10.549019607843135,0.1208863725849226,0.3227567914050532,3.94174164416744,4
8,180.0,5,TweetyNet,0.9636401756137024,9.92156862745098,0.1089262775346344,0.2871934116139952,3.635982438629759,4
8,180.0,6,TweetyNet,0.9638243282542508,7.03921568627451,0.1112578335930319,0.2416260775051213,3.6175671745749205,4
8,180.0,7,TweetyNet,0.9651754790661382,9.450980392156865,0.1096757253011067,0.2965140747887803,3.482452093386179,4
8,180.0,8,TweetyNet,0.96282771989411,8.627450980392156,0.1094643929425407,0.2475202591019493,3.717228010589002,4
8,180.0,9,TweetyNet,0.965341007008272,8.0,0.1086675419526941,0.260975132401977,3.4658992991728033,4
8,30.0,1,TweetyNet,0.9590196796492034,11.92156862745098,0.1256947236902573,0.3553979809412689,4.098032035079657,0
8,30.0,10,TweetyNet,0.9398913663976332,21.03921568627451,0.186291358050178,0.5087823053600612,6.0108633602366845,0
8,30.0,2,TweetyNet,0.9529185575597426,13.470588235294118,0.1448815383163152,0.350351954578298,4.7081442440257355,0
8,30.0,3,TweetyNet,0.9587035085640702,13.72549019607843,0.1544257051804486,0.3681034990358888,4.129649143592983,0
8,30.0,4,TweetyNet,0.9548452788708256,11.96078431372549,0.1385670456231809,0.317227034663449,4.51547211291744,0
8,30.0,5,TweetyNet,0.946627747778799,14.058823529411764,0.1659086638805913,0.3940567531167748,5.337225222120101,0
8,30.0,6,TweetyNet,0.9542212392769608,13.96078431372549,0.1526166411007151,0.3988012791667104,4.577876072303921,0
8,30.0,7,TweetyNet,0.9581549401376762,12.529411764705882,0.1416974348180434,0.3551727431636783,4.184505986232379,0
8,30.0,8,TweetyNet,0.9577954610188802,10.509803921568627,0.1795869154088637,0.327994851245749,4.220453898111975,0
8,30.0,9,TweetyNet,0.9576504277248008,12.392156862745098,0.13240021350337,0.3433807290645916,4.23495722751992,0
8,45.0,1,TweetyNet,0.9620665007946538,10.294117647058824,0.1600211461385091,0.3284319231459884,3.7933499205346166,1
8,45.0,10,TweetyNet,0.9550845576267616,14.07843137254902,0.140971913057215,0.3601563939058309,4.491544237323842,1
8,45.0,2,TweetyNet,0.9627544178682216,10.901960784313726,0.1115841959037032,0.3421861634572729,3.724558213177842,1
8,45.0,3,TweetyNet,0.96185863719267,9.529411764705882,0.1594526253494562,0.3134511013784367,3.814136280733005,1
8,45.0,4,TweetyNet,0.954193115234375,17.274509803921568,0.1453910341449812,0.4420350477775678,4.5806884765625,1
8,45.0,5,TweetyNet,0.9598734986548332,11.764705882352942,0.1252107807234221,0.3620633697861796,4.012650134516682,1
8,45.0,6,TweetyNet,0.9519595725863588,16.686274509803923,0.1445340736239564,0.442915491637769,4.804042741364123,1
8,45.0,7,TweetyNet,0.9615938523236442,9.92156862745098,0.1161032657997281,0.3082326266296407,3.840614767635575,1
8,45.0,8,TweetyNet,0.9574070350796569,10.980392156862743,0.130552656510297,0.3213890299543414,4.259296492034315,1
8,45.0,9,TweetyNet,0.9620902865540748,9.764705882352942,0.1138570822921453,0.3074497464847773,3.7909713445925197,1
8,480.0,1,TweetyNet,0.9641327203488818,8.862745098039216,0.1080817521787157,0.2660225734045511,3.5867279651118245,5
8,480.0,10,TweetyNet,0.9667765299479166,7.490196078431373,0.1033446368049172,0.2370057767057387,3.322347005208337,5
8,480.0,2,TweetyNet,0.9626520194259344,9.529411764705882,0.1134244133444393,0.2908800043918046,3.734798057406563,5
8,480.0,3,TweetyNet,0.9659838208965228,7.254901960784314,0.1001832718942679,0.252596850327081,3.4016179103477207,5
8,480.0,4,TweetyNet,0.9617144266764324,10.058823529411764,0.1178439084221335,0.3138642382526825,3.8285573323567634,5
8,480.0,5,TweetyNet,0.9666031482172948,8.294117647058824,0.1049723625183105,0.263873907039536,3.339685178270524,5
8,480.0,6,TweetyNet,0.9661665523753448,8.549019607843137,0.1087952688628552,0.2584642137417847,3.3833447624655233,5
8,480.0,7,TweetyNet,0.9668969547047336,6.176470588235294,0.1008531533035577,0.1953252749850178,3.310304529526642,5
8,480.0,8,TweetyNet,0.9658973544251686,8.92156862745098,0.1019252141316731,0.2843449356491478,3.4102645574831447,5
8,480.0,9,TweetyNet,0.9661990147010951,6.196078431372549,0.1028313730277267,0.2218812985678001,3.380098529890485,5
8,75.0,1,TweetyNet,0.960355796065985,9.27450980392157,0.1329046324187634,0.2856585494230295,3.964420393401502,2
8,75.0,10,TweetyNet,0.9645710365445006,9.509803921568627,0.1187044685962153,0.3112156623415494,3.5428963455499396,2
8,75.0,2,TweetyNet,0.963509204340916,10.31372549019608,0.1074442302479463,0.2958669439374988,3.6490795659083974,2
8,75.0,3,TweetyNet,0.9624198464786304,9.392156862745098,0.141179973003911,0.2933881625738355,3.7580153521369564,2
8,75.0,4,TweetyNet,0.9620412190755208,9.980392156862743,0.1208743862077301,0.3419700026342725,3.795878092447924,2
8,75.0,5,TweetyNet,0.960688123516008,10.352941176470589,0.1396844994788076,0.3132606255762128,3.9311876483992036,2
8,75.0,6,TweetyNet,0.9642902449065563,7.862745098039215,0.1126467199886546,0.2542473242215183,3.570975509344365,2
8,75.0,7,TweetyNet,0.9651724123487284,8.450980392156863,0.1005143090790393,0.2854150661193186,3.4827587651271585,2
8,75.0,8,TweetyNet,0.9607870064529718,9.72549019607843,0.1330871395036286,0.2978534822904438,3.921299354702823,2
8,75.0,9,TweetyNet,0.9578288957184437,14.07843137254902,0.1341285799063888,0.3541206760713852,4.217110428155635,2
9,120.0,1,TweetyNet,0.9741214752197266,10.0,0.0815623680750528,0.109291675906218,2.5878524780273415,3
9,120.0,10,TweetyNet,0.9724461873372396,11.566666666666666,0.0853219906489054,0.1293915642592591,2.7553812662760357,3
9,120.0,2,TweetyNet,0.9730550130208332,13.2,0.0869021972020467,0.1415774016610535,2.6944986979166807,3
9,120.0,3,TweetyNet,0.9738457997639974,12.766666666666667,0.0782136440277099,0.1413025449778468,2.6154200236002567,3
9,120.0,4,TweetyNet,0.9710126241048176,13.3,0.0905000925064087,0.151199910622106,2.898737589518241,3
9,120.0,5,TweetyNet,0.9735072453816732,10.733333333333333,0.0765021483103434,0.1235412100726076,2.6492754618326786,3
9,120.0,6,TweetyNet,0.9741626103719075,12.466666666666669,0.0775672833124796,0.1394682808749448,2.5837389628092455,3
9,120.0,7,TweetyNet,0.9745789210001627,12.9,0.0692490100860595,0.1403465023367888,2.5421078999837254,3
9,120.0,8,TweetyNet,0.9707487106323244,11.4,0.0911592960357666,0.1260084674441697,2.9251289367675626,3
9,120.0,9,TweetyNet,0.974531364440918,14.066666666666666,0.0767429113388061,0.1543172389597856,2.5468635559081965,3
9,180.0,1,TweetyNet,0.9714351018269856,13.633333333333333,0.0895932912826538,0.1513179584023225,2.856489817301444,4
9,180.0,10,TweetyNet,0.9757461547851562,9.0,0.0708412806193033,0.1004529698271311,2.425384521484375,4
9,180.0,2,TweetyNet,0.9670747121175132,18.633333333333333,0.1129171291987101,0.2163002168737219,3.292528788248683,4
9,180.0,3,TweetyNet,0.9745377858479818,12.533333333333331,0.0771000782648722,0.1433904344400592,2.5462214152018214,4
9,180.0,4,TweetyNet,0.9709287643432616,13.566666666666666,0.0935355424880981,0.1452979201143614,2.9071235656738414,4
9,180.0,5,TweetyNet,0.9742296854654948,8.966666666666667,0.0762485345204671,0.0985713045290727,2.577031453450518,4
9,180.0,6,TweetyNet,0.9743024190266928,10.166666666666666,0.0807462930679321,0.1138417105457336,2.569758097330721,4
9,180.0,7,TweetyNet,0.9734509150187176,10.666666666666666,0.079439910252889,0.1169327238916462,2.654908498128239,4
9,180.0,8,TweetyNet,0.9731197357177734,12.7,0.0842043002446492,0.1403041877251796,2.6880264282226562,4
9,180.0,9,TweetyNet,0.9729403177897136,9.033333333333331,0.0837755441665649,0.1011299130074299,2.705968221028643,4
9,30.0,1,TweetyNet,0.968386395772298,14.266666666666667,0.0970872163772583,0.163349444983329,3.1613604227701986,0
9,30.0,10,TweetyNet,0.9587066014607748,31.0,0.1342883586883544,0.3446650306162707,4.12933985392252,0
9,30.0,2,TweetyNet,0.9510627746582032,28.23333333333333,0.1500479062398274,0.3206810139226662,4.893722534179679,0
9,30.0,3,TweetyNet,0.9662745157877604,20.266666666666666,0.1086355527242024,0.2247566789275822,3.3725484212239643,0
9,30.0,4,TweetyNet,0.964937655131022,16.766666666666666,0.1104529539744059,0.1868299377721706,3.506234486897797,0
9,30.0,5,TweetyNet,0.969295883178711,14.8,0.0960807720820109,0.1590169799726855,3.070411682128904,0
9,30.0,6,TweetyNet,0.964312998453776,20.03333333333333,0.1135238409042358,0.2172342290159232,3.568700154622395,0
9,30.0,7,TweetyNet,0.9613612492879232,22.83333333333333,0.136102024714152,0.2515256687735606,3.8638750712076786,0
9,30.0,8,TweetyNet,0.9681434631347656,17.766666666666666,0.1066775321960449,0.1977835322839335,3.1856536865234375,0
9,30.0,9,TweetyNet,0.96972287495931,15.866666666666667,0.1003640015920003,0.1785131816850079,3.0277125040690023,0
9,45.0,1,TweetyNet,0.9691950480143228,15.166666666666666,0.0953951358795166,0.1779110927269463,3.080495198567723,1
9,45.0,10,TweetyNet,0.9684463500976562,12.566666666666666,0.100339118639628,0.1429936173865573,3.155364990234377,1
9,45.0,2,TweetyNet,0.9706064224243164,14.266666666666667,0.0945045391718546,0.1515155604721254,2.9393577575683616,1
9,45.0,3,TweetyNet,0.9679741541544596,16.766666666666666,0.1031960407892862,0.1895157217778299,3.2025845845540357,1
9,45.0,4,TweetyNet,0.9691642761230468,14.533333333333331,0.100150187810262,0.1662216733472901,3.0835723876953214,1
9,45.0,5,TweetyNet,0.9620723088582356,20.066666666666663,0.1198826154073079,0.2227794918254732,3.792769114176442,1
9,45.0,6,TweetyNet,0.9644084930419922,19.933333333333334,0.1203785896301269,0.2275778820628426,3.5591506958007835,1
9,45.0,7,TweetyNet,0.9716716766357422,13.1,0.0973732233047485,0.1478714061669417,2.8328323364257835,1
9,45.0,8,TweetyNet,0.9680288314819336,16.666666666666668,0.1045507907867431,0.188893212774676,3.197116851806636,1
9,45.0,9,TweetyNet,0.971334139506022,16.233333333333334,0.0878366708755493,0.1856534550166784,2.8665860493978013,1
9,480.0,1,TweetyNet,0.9747891108194988,8.5,0.0774363915125529,0.0949986633398145,2.5210889180501184,5
9,480.0,10,TweetyNet,0.9738860448201496,11.5,0.0780017932256062,0.124781656867968,2.611395517985038,5
9,480.0,2,TweetyNet,0.9747201919555664,9.3,0.0748483419418335,0.103827534248075,2.527980804443364,5
9,480.0,3,TweetyNet,0.9694738388061525,15.033333333333331,0.097391406695048,0.1678653103463711,3.0526161193847545,5
9,480.0,4,TweetyNet,0.9742041269938152,10.033333333333331,0.0791558980941772,0.1112135976952859,2.57958730061848,5
9,480.0,5,TweetyNet,0.9727156321207684,10.733333333333333,0.0891329367955525,0.1208255054912548,2.728436787923161,5
9,480.0,6,TweetyNet,0.9764134089152018,8.433333333333334,0.0705121755599975,0.0963217334286029,2.3586591084798214,5
9,480.0,7,TweetyNet,0.9750497817993165,11.033333333333331,0.075396458307902,0.1219386658419632,2.495021820068355,5
9,480.0,8,TweetyNet,0.972992197672526,11.733333333333333,0.0793688456217447,0.1296300872206546,2.7007802327474018,5
9,480.0,9,TweetyNet,0.9714511871337892,12.0,0.0898176431655883,0.1348830251133129,2.8548812866210804,5
9,75.0,1,TweetyNet,0.9674273173014324,16.533333333333335,0.1076726039250691,0.1842452977084709,3.257268269856761,2
9,75.0,10,TweetyNet,0.9691083908081056,14.766666666666667,0.0982127666473388,0.175820764367076,3.0891609191894376,2
9,75.0,2,TweetyNet,0.9729997634887696,14.166666666666666,0.0796790281931559,0.1555614970247488,2.70002365112304,2
9,75.0,3,TweetyNet,0.969263776143392,16.4,0.091890525817871,0.1917890966548529,3.0736223856608014,2
9,75.0,4,TweetyNet,0.9730837504069012,12.733333333333333,0.0853116114934285,0.1452210318024942,2.6916249593098796,2
9,75.0,5,TweetyNet,0.970547103881836,14.966666666666669,0.0936596075693766,0.1632506771398136,2.945289611816404,2
9,75.0,6,TweetyNet,0.972816022237142,12.766666666666667,0.0830316066741943,0.1394627070072578,2.718397776285797,2
9,75.0,7,TweetyNet,0.9703323364257812,15.266666666666667,0.0887201468149821,0.1764292074755916,2.9667663574218794,2
9,75.0,8,TweetyNet,0.96868044535319,13.966666666666669,0.1041925350824991,0.1586708439206615,3.131955464681002,2
9,75.0,9,TweetyNet,0.9722400665283204,11.9,0.0822454373041788,0.1331873968496577,2.77599334716796,2
