cleanup,avg_acc,avg_levenshtein,avg_pct_boundary_err,avg_segment_error_rate,train_set_dur,replicate_num,model_name,avg_error,animal_id,day,train_set_dur_ind
majority_vote,0.9854659331749168,4.758064516129032,0.6940619904018436,0.0962416274708989,600,1,TweetyNet,1.453406682508318,bl26lb16,2012-04-20,0
min_segment_dur,0.9849368958094438,4.225806451612903,0.6943808412423033,0.06352299078340773,600,1,TweetyNet,1.5063104190556231,bl26lb16,2012-04-20,0
min_segment_dur_majority_vote,0.9853710253789201,1.6612903225806452,0.7147268326076586,0.0423068908014174,600,1,TweetyNet,1.4628974621079927,bl26lb16,2012-04-20,0
none,0.985031598459591,7.516129032258065,0.6746834309835613,0.11921802628655943,600,1,TweetyNet,1.4968401540409015,bl26lb16,2012-04-20,0
majority_vote,0.9844656534360048,4.080645161290323,0.6930478149146605,0.09353685025494662,600,2,TweetyNet,1.5534346563995216,bl26lb16,2012-04-20,0
min_segment_dur,0.9835442780681395,5.225806451612903,0.6648464965996083,0.07918989347489698,600,2,TweetyNet,1.6455721931860512,bl26lb16,2012-04-20,0
min_segment_dur_majority_vote,0.9840546137730289,1.8548387096774193,0.6896531070596796,0.044810410842983296,600,2,TweetyNet,1.594538622697106,bl26lb16,2012-04-20,0
none,0.9839548986064165,7.67741935483871,0.667314574959086,0.13380540774172586,600,2,TweetyNet,1.6045101393583505,bl26lb16,2012-04-20,0
majority_vote,0.9845416243209995,5.790322580645161,0.669205429222518,0.14236718972396292,600,3,TweetyNet,1.5458375679000547,bl26lb16,2012-04-20,0
min_segment_dur,0.9845025634205508,4.258064516129032,0.6877772054122305,0.06930079014487965,600,3,TweetyNet,1.5497436579449242,bl26lb16,2012-04-20,0
min_segment_dur_majority_vote,0.9847469206013983,1.7741935483870968,0.702120823404813,0.04822907175115067,600,3,TweetyNet,1.5253079398601654,bl26lb16,2012-04-20,0
none,0.9842960215588512,8.451612903225806,0.6565821048667315,0.16513531611523527,600,3,TweetyNet,1.5703978441148791,bl26lb16,2012-04-20,0
majority_vote,0.9853603193866304,5.225806451612903,0.6941930845555956,0.10610403004196899,600,4,TweetyNet,1.4639680613369621,bl26lb16,2012-04-20,0
min_segment_dur,0.9849667854818132,4.645161290322581,0.6873356920409587,0.06803315419686967,600,4,TweetyNet,1.5033214518186844,bl26lb16,2012-04-20,0
min_segment_dur_majority_vote,0.9852722152554051,1.7096774193548387,0.7049323648222272,0.04099789541891822,600,4,TweetyNet,1.4727784744594907,bl26lb16,2012-04-20,0
none,0.9850630376465104,8.225806451612904,0.6784516035643849,0.13374399299225478,600,4,TweetyNet,1.4936962353489625,bl26lb16,2012-04-20,0
majority_vote,0.9838264728450204,5.806451612903226,0.6682312727840237,0.11510649998590987,600,5,TweetyNet,1.617352715497955,bl26lb16,2012-04-20,0
min_segment_dur,0.9836378649165533,3.8225806451612905,0.6803304294891748,0.07633244061124402,600,5,TweetyNet,1.636213508344675,bl26lb16,2012-04-20,0
min_segment_dur_majority_vote,0.9837955321706731,1.6612903225806452,0.6903744516237207,0.0498533055241563,600,5,TweetyNet,1.620446782932694,bl26lb16,2012-04-20,0
none,0.9836685780552767,8.17741935483871,0.6581842099068196,0.14449253941692078,600,5,TweetyNet,1.6331421944723257,bl26lb16,2012-04-20,0
majority_vote,0.9855617640155115,5.612903225806452,0.6906684986701576,0.13785193623037104,600,6,TweetyNet,1.4438235984488457,bl26lb16,2012-04-20,0
min_segment_dur,0.9851788132149855,4.564516129032258,0.6867632538477517,0.06202045965377523,600,6,TweetyNet,1.482118678501454,bl26lb16,2012-04-20,0
min_segment_dur_majority_vote,0.9856184444850047,1.6774193548387097,0.7075133669762086,0.042380139303814617,600,6,TweetyNet,1.4381555514995314,bl26lb16,2012-04-20,0
none,0.9851207601787105,8.709677419354838,0.6702903771674948,0.1639404393128256,600,6,TweetyNet,1.487923982128947,bl26lb16,2012-04-20,0
majority_vote,0.9860424762812493,4.82258064516129,0.7202231370641408,0.10226166355413407,600,7,TweetyNet,1.3957523718750697,bl26lb16,2012-04-20,0
min_segment_dur,0.9857771067363099,3.1129032258064515,0.724056957240154,0.058145265083345755,600,7,TweetyNet,1.4222893263690084,bl26lb16,2012-04-20,0
min_segment_dur_majority_vote,0.9860301507255118,1.4193548387096775,0.7406846421993445,0.03878609833024922,600,7,TweetyNet,1.3969849274488189,bl26lb16,2012-04-20,0
none,0.9857894322920472,6.612903225806452,0.7050750888908612,0.1224147873490148,600,7,TweetyNet,1.4210567707952815,bl26lb16,2012-04-20,0
majority_vote,0.9845343106086049,5.338709677419355,0.6743951655828283,0.13430123835684446,600,8,TweetyNet,1.5465689391395143,bl26lb16,2012-04-20,0
min_segment_dur,0.984390868401238,4.516129032258065,0.6915561957639302,0.0647818139418387,600,8,TweetyNet,1.5609131598761983,bl26lb16,2012-04-20,0
min_segment_dur_majority_vote,0.9846016075166474,1.8709677419354838,0.7032883241480888,0.047021828056016325,600,8,TweetyNet,1.5398392483352619,bl26lb16,2012-04-20,0
none,0.9843235714931956,8.129032258064516,0.6629519036926734,0.15297419711539026,600,8,TweetyNet,1.5676428506804396,bl26lb16,2012-04-20,0
majority_vote,0.985044023630857,6.580645161290323,0.6724322227856546,0.19669568793933656,600,9,TweetyNet,1.4955976369143031,bl26lb16,2012-04-20,0
min_segment_dur,0.9850891809118759,3.806451612903226,0.6811267192018647,0.08935463745354709,600,9,TweetyNet,1.4910819088124083,bl26lb16,2012-04-20,0
min_segment_dur_majority_vote,0.9853683776847947,2.2096774193548385,0.6940372231122305,0.0742475301009652,600,9,TweetyNet,1.4631622315205317,bl26lb16,2012-04-20,0
none,0.9847678810204566,8.35483870967742,0.6600800185711991,0.21458993103130736,600,9,TweetyNet,1.5232118979543352,bl26lb16,2012-04-20,0
majority_vote,0.9850081893900514,5.596774193548387,0.6916026104239792,0.12000967246797145,600,10,TweetyNet,1.4991810609948586,bl26lb16,2012-04-20,0
min_segment_dur,0.9849244385094449,3.403225806451613,0.7024621938033284,0.06761843790695335,600,10,TweetyNet,1.5075561490555112,bl26lb16,2012-04-20,0
min_segment_dur_majority_vote,0.9851130248593374,1.4838709677419355,0.7155363009790608,0.047564952633416674,600,10,TweetyNet,1.4886975140662617,bl26lb16,2012-04-20,0
none,0.9848196030401589,7.693548387096774,0.6795214276921632,0.14329382323882633,600,10,TweetyNet,1.518039695984108,bl26lb16,2012-04-20,0
majority_vote,0.9858036108265629,6.571428571428571,0.6507360915588271,0.07824691298451501,600,1,TweetyNet,1.419638917343713,bl26lb16,2012-04-21,0
min_segment_dur,0.9857082031164595,4.928571428571429,0.6540363916635596,0.05169341291678913,600,1,TweetyNet,1.4291796883540542,bl26lb16,2012-04-21,0
min_segment_dur_majority_vote,0.9859623115790634,1.9523809523809523,0.6677451087041365,0.025311850091672555,600,1,TweetyNet,1.4037688420936556,bl26lb16,2012-04-21,0
none,0.9855542004857385,9.857142857142858,0.6378220561282423,0.10836976869539174,600,1,TweetyNet,1.4445799514261504,bl26lb16,2012-04-21,0
majority_vote,0.984855181563214,6.214285714285714,0.6548076311703467,0.07896384969192692,600,2,TweetyNet,1.5144818436785945,bl26lb16,2012-04-21,0
min_segment_dur,0.9846698923051281,5.809523809523809,0.6478871781972403,0.06417207411086838,600,2,TweetyNet,1.5330107694871864,bl26lb16,2012-04-21,0
min_segment_dur_majority_vote,0.9849419316526477,1.7857142857142858,0.6664643725027057,0.024572326381596225,600,2,TweetyNet,1.505806834735235,bl26lb16,2012-04-21,0
none,0.9846048857519282,10.619047619047619,0.6378238066934123,0.12396715861863389,600,2,TweetyNet,1.5395114248071828,bl26lb16,2012-04-21,0
majority_vote,0.9852934363786956,7.976190476190476,0.6463317139459207,0.10126618497666087,600,3,TweetyNet,1.4706563621304403,bl26lb16,2012-04-21,0
min_segment_dur,0.9852092098018242,5.238095238095238,0.6471538396588054,0.05618871488026642,600,3,TweetyNet,1.4790790198175752,bl26lb16,2012-04-21,0
min_segment_dur_majority_vote,0.9856725447718121,2.0476190476190474,0.6714258856487968,0.026810988952945102,600,3,TweetyNet,1.4327455228187902,bl26lb16,2012-04-21,0
none,0.9848312503912541,11.285714285714286,0.6229879446649329,0.13261152787611993,600,3,TweetyNet,1.5168749608745924,bl26lb16,2012-04-21,0
majority_vote,0.9857259509002874,5.690476190476191,0.651321389166195,0.07309996416406982,600,4,TweetyNet,1.4274049099712638,bl26lb16,2012-04-21,0
min_segment_dur,0.9850791700857525,5.404761904761905,0.6349587175277098,0.06290454588582153,600,4,TweetyNet,1.492082991424748,bl26lb16,2012-04-21,0
min_segment_dur_majority_vote,0.9856799988375806,1.7142857142857142,0.6621230195242278,0.024834046963480277,600,4,TweetyNet,1.4320001162419382,bl26lb16,2012-04-21,0
none,0.9851337204926215,9.595238095238095,0.6236512215617436,0.11468630353941482,600,4,TweetyNet,1.486627950737851,bl26lb16,2012-04-21,0
majority_vote,0.9857239185649423,6.666666666666667,0.6635082593781788,0.0823105986424865,600,5,TweetyNet,1.4276081435057653,bl26lb16,2012-04-21,0
min_segment_dur,0.984911107294578,4.761904761904762,0.6408275714450378,0.050109258809170984,600,5,TweetyNet,1.508889270542202,bl26lb16,2012-04-21,0
min_segment_dur_majority_vote,0.9855753511900496,1.7380952380952381,0.6680202190195349,0.023169666311311215,600,5,TweetyNet,1.4424648809950424,bl26lb16,2012-04-21,0
none,0.9850561163937098,10.047619047619047,0.6360924999564462,0.11326638845682632,600,5,TweetyNet,1.4943883606290176,bl26lb16,2012-04-21,0
majority_vote,0.9862575477778406,7.809523809523809,0.6679595663764923,0.10670823431270796,600,6,TweetyNet,1.3742452222159418,bl26lb16,2012-04-21,0
min_segment_dur,0.9864676123143719,5.166666666666667,0.6810407670742836,0.05869454677491469,600,6,TweetyNet,1.3532387685628144,bl26lb16,2012-04-21,0
min_segment_dur_majority_vote,0.9868404672107042,1.7619047619047619,0.7014030917726009,0.02495396315921765,600,6,TweetyNet,1.3159532789295825,bl26lb16,2012-04-21,0
none,0.9858846928815084,11.404761904761905,0.6487453231054202,0.14277973024320562,600,6,TweetyNet,1.4115307118491627,bl26lb16,2012-04-21,0
majority_vote,0.9863838257468241,6.666666666666667,0.6724242920118308,0.0879165656750997,600,7,TweetyNet,1.361617425317585,bl26lb16,2012-04-21,0
min_segment_dur,0.9863994768787416,4.190476190476191,0.6818965132832423,0.05255653628203211,600,7,TweetyNet,1.3600523121258368,bl26lb16,2012-04-21,0
min_segment_dur_majority_vote,0.9866990647356443,1.5476190476190477,0.7007139044778157,0.021418920566976602,600,7,TweetyNet,1.3300935264355718,bl26lb16,2012-04-21,0
none,0.9860757031623983,9.642857142857142,0.655157760950031,0.12621060050213287,600,7,TweetyNet,1.3924296837601657,bl26lb16,2012-04-21,0
majority_vote,0.9856436033361528,6.476190476190476,0.6532424226784934,0.08749063375648145,600,8,TweetyNet,1.4356396663847248,bl26lb16,2012-04-21,0
min_segment_dur,0.9855671494244821,5.833333333333333,0.6432646050608462,0.07384640675040617,600,8,TweetyNet,1.4432850575517908,bl26lb16,2012-04-21,0
min_segment_dur_majority_vote,0.9859529668537957,2.0714285714285716,0.6696846276084631,0.02978756516712756,600,8,TweetyNet,1.4047033146204257,bl26lb16,2012-04-21,0
none,0.9852607030256595,10.571428571428571,0.6279670205304313,0.13563389031914272,600,8,TweetyNet,1.473929697434051,bl26lb16,2012-04-21,0
majority_vote,0.9851254503680926,8.880952380952381,0.6277059726303823,0.11710126064989586,600,9,TweetyNet,1.4874549631907374,bl26lb16,2012-04-21,0
min_segment_dur,0.9856708908645033,4.785714285714286,0.6466790098781418,0.059691139758990305,600,9,TweetyNet,1.4329109135496676,bl26lb16,2012-04-21,0
min_segment_dur_majority_vote,0.9858834984737401,3.0,0.6577168839482301,0.041788246083262606,600,9,TweetyNet,1.4116501526259873,bl26lb16,2012-04-21,0
none,0.9849157598776761,10.80952380952381,0.617345796990846,0.13693249065991334,600,9,TweetyNet,1.50842401223239,bl26lb16,2012-04-21,0
majority_vote,0.9857554083303338,6.928571428571429,0.6535372334502773,0.0993878114135083,600,10,TweetyNet,1.4244591669666185,bl26lb16,2012-04-21,0
min_segment_dur,0.985329847317518,4.738095238095238,0.6418842865987384,0.05348768834301244,600,10,TweetyNet,1.4670152682481952,bl26lb16,2012-04-21,0
min_segment_dur_majority_vote,0.9858568123067508,1.9523809523809523,0.6697929418677223,0.02585239143187038,600,10,TweetyNet,1.4143187693249182,bl26lb16,2012-04-21,0
none,0.985226061435958,9.80952380952381,0.6263071861430515,0.12884887236845954,600,10,TweetyNet,1.4773938564041966,bl26lb16,2012-04-21,0
majority_vote,0.9813364596515548,3.3333333333333335,0.548098423225369,0.07910887826816461,600,1,TweetyNet,1.8663540348445196,gr41rd51,2012-06-20,0
min_segment_dur,0.9815043023696632,7.666666666666667,0.5269676945994752,0.16686506192924716,600,1,TweetyNet,1.849569763033676,gr41rd51,2012-06-20,0
min_segment_dur_majority_vote,0.9816773679798199,1.6851851851851851,0.5657757870268908,0.03822850110392168,600,1,TweetyNet,1.832263202018014,gr41rd51,2012-06-20,0
none,0.9811685318844526,9.5,0.5112349998439174,0.21359278852088698,600,1,TweetyNet,1.8831468115547367,gr41rd51,2012-06-20,0
majority_vote,0.9841051100801995,2.8518518518518516,0.6167487192983734,0.07147460695043084,600,2,TweetyNet,1.5894889919800481,gr41rd51,2012-06-20,0
min_segment_dur,0.9846070336720494,6.777777777777778,0.6332814253053435,0.14959606962364785,600,2,TweetyNet,1.539296632795062,gr41rd51,2012-06-20,0
min_segment_dur_majority_vote,0.9845359498743268,1.1666666666666667,0.6419487125009683,0.026113245886443353,600,2,TweetyNet,1.54640501256732,gr41rd51,2012-06-20,0
none,0.9841761938779221,8.685185185185185,0.608172091443258,0.20016849997879108,600,2,TweetyNet,1.58238061220779,gr41rd51,2012-06-20,0
majority_vote,0.9836958026505138,2.9444444444444446,0.6187542691305029,0.0738730159285449,600,3,TweetyNet,1.6304197349486182,gr41rd51,2012-06-20,0
min_segment_dur,0.9833931614940328,6.87037037037037,0.6101523473464051,0.15597525850710897,600,3,TweetyNet,1.6606838505967225,gr41rd51,2012-06-20,0
min_segment_dur_majority_vote,0.9841709224543125,1.2962962962962963,0.6370799594978153,0.031775803331335166,600,3,TweetyNet,1.582907754568752,gr41rd51,2012-06-20,0
none,0.9829180416902347,8.74074074074074,0.5925101269438098,0.20432448110003174,600,3,TweetyNet,1.7081958309765333,gr41rd51,2012-06-20,0
majority_vote,0.9855264524771592,1.7037037037037037,0.6882960488155125,0.040450361664420585,600,4,TweetyNet,1.4473547522840802,gr41rd51,2012-06-20,0
min_segment_dur,0.9865439893016247,3.7222222222222223,0.6888745923707311,0.08233229309481073,600,4,TweetyNet,1.345601069837532,gr41rd51,2012-06-20,0
min_segment_dur_majority_vote,0.9856105326579082,1.0185185185185186,0.6951974337434969,0.023270384398797674,600,4,TweetyNet,1.4389467342091788,gr41rd51,2012-06-20,0
none,0.9864624008483405,4.592592592592593,0.6773319332902804,0.10303336152720287,600,4,TweetyNet,1.353759915165953,gr41rd51,2012-06-20,0
majority_vote,0.9796299782985897,3.388888888888889,0.5199123181513096,0.08002581781897267,600,5,TweetyNet,2.0370021701410335,gr41rd51,2012-06-20,0
min_segment_dur,0.9811158348558828,8.074074074074074,0.5490155915139886,0.17594462210558912,600,5,TweetyNet,1.888416514411717,gr41rd51,2012-06-20,0
min_segment_dur_majority_vote,0.9799576095532336,1.9074074074074074,0.531152589494669,0.043995666365695706,600,5,TweetyNet,2.0042390446766367,gr41rd51,2012-06-20,0
none,0.9807830695511922,9.685185185185185,0.5369114155807496,0.2155334507445776,600,5,TweetyNet,1.921693044880779,gr41rd51,2012-06-20,0
majority_vote,0.9839423831042269,2.4814814814814814,0.5597598756027568,0.058367353946651816,600,6,TweetyNet,1.605761689577312,gr41rd51,2012-06-20,0
min_segment_dur,0.9840675176764689,6.351851851851852,0.5750541345219277,0.13650592933928327,600,6,TweetyNet,1.593248232353106,gr41rd51,2012-06-20,0
min_segment_dur_majority_vote,0.9839980174171886,1.3518518518518519,0.5706858672975389,0.030582977970722288,600,6,TweetyNet,1.600198258281138,gr41rd51,2012-06-20,0
none,0.9840155649775268,7.722222222222222,0.5649191477367269,0.16987443955410347,600,6,TweetyNet,1.5984435022473154,gr41rd51,2012-06-20,0
majority_vote,0.9841369024405469,2.3703703703703702,0.6065668706593935,0.06112833044507089,600,7,TweetyNet,1.5863097559453143,gr41rd51,2012-06-20,0
min_segment_dur,0.9848413888386239,5.462962962962963,0.6145217347483961,0.11869083615124448,600,7,TweetyNet,1.5158611161376068,gr41rd51,2012-06-20,0
min_segment_dur_majority_vote,0.9844714930244818,1.1666666666666667,0.6233307316130184,0.027188550451468663,600,7,TweetyNet,1.552850697551822,gr41rd51,2012-06-20,0
none,0.9844990149129003,6.796296296296297,0.5925587036191003,0.15538528931488405,600,7,TweetyNet,1.550098508709974,gr41rd51,2012-06-20,0
majority_vote,0.9855435571537039,2.5185185185185186,0.6374571298264016,0.061021751057730965,600,8,TweetyNet,1.4456442846296103,gr41rd51,2012-06-20,0
min_segment_dur,0.9862971825379729,3.962962962962963,0.6776930427939439,0.08732779810891157,600,8,TweetyNet,1.3702817462027062,gr41rd51,2012-06-20,0
min_segment_dur_majority_vote,0.9858785953417922,0.9814814814814815,0.65529382885771,0.023287897668040083,600,8,TweetyNet,1.412140465820777,gr41rd51,2012-06-20,0
none,0.985962144349885,5.611111111111111,0.6533197952619092,0.12727788363104414,600,8,TweetyNet,1.403785565011495,gr41rd51,2012-06-20,0
majority_vote,0.985013388902295,2.462962962962963,0.6552620892683151,0.05958990844089781,600,9,TweetyNet,1.498661109770505,gr41rd51,2012-06-20,0
min_segment_dur,0.9849772934614736,5.666666666666667,0.6179482148765566,0.12753061355381407,600,9,TweetyNet,1.5022706538526442,gr41rd51,2012-06-20,0
min_segment_dur_majority_vote,0.9851590942539455,1.0,0.6738512273771912,0.023492395482265754,600,9,TweetyNet,1.4840905746054456,gr41rd51,2012-06-20,0
none,0.9848314180979122,7.314814814814815,0.6012668050288924,0.1679316588825196,600,9,TweetyNet,1.5168581902087808,gr41rd51,2012-06-20,0
majority_vote,0.9862429755964347,1.8148148148148149,0.6870289191992541,0.045234760249847836,600,10,TweetyNet,1.3757024403565299,gr41rd51,2012-06-20,0
min_segment_dur,0.9857316621017288,4.444444444444445,0.6564466025368993,0.09409435553367018,600,10,TweetyNet,1.42683378982712,gr41rd51,2012-06-20,0
min_segment_dur_majority_vote,0.9863485555824405,0.9259259259259259,0.6945441229213907,0.02181918170709087,600,10,TweetyNet,1.36514444175595,gr41rd51,2012-06-20,0
none,0.9856274082135804,5.425925925925926,0.646433118488586,0.12000389741470936,600,10,TweetyNet,1.4372591786419586,gr41rd51,2012-06-20,0
majority_vote,0.9813005175960313,2.8763440860215055,0.6177405188054644,0.054978750545200794,600,1,TweetyNet,1.8699482403968681,gr41rd51,2012-06-22,0
min_segment_dur,0.980642694285995,6.666666666666667,0.598832148503779,0.12408159852333941,600,1,TweetyNet,1.9357305714004958,gr41rd51,2012-06-22,0
min_segment_dur_majority_vote,0.9815247923880723,1.4623655913978495,0.6323541898839783,0.02747147910747417,600,1,TweetyNet,1.8475207611927669,gr41rd51,2012-06-22,0
none,0.9804184441658351,8.279569892473118,0.5855963362046963,0.15527497484037908,600,1,TweetyNet,1.9581555834164877,gr41rd51,2012-06-22,0
majority_vote,0.9817095865690264,2.6989247311827955,0.6293748758166328,0.0512003838734702,600,2,TweetyNet,1.8290413430973596,gr41rd51,2012-06-22,0
min_segment_dur,0.9819162500987675,6.080645161290323,0.6228682877442481,0.11357944296296703,600,2,TweetyNet,1.8083749901232515,gr41rd51,2012-06-22,0
min_segment_dur_majority_vote,0.98195013479431,1.3064516129032258,0.644458659595925,0.02439027576148678,600,2,TweetyNet,1.8049865205689963,gr41rd51,2012-06-22,0
none,0.9816739950975826,7.661290322580645,0.6085369256321052,0.14382552859017797,600,2,TweetyNet,1.8326004902417425,gr41rd51,2012-06-22,0
majority_vote,0.9822995500529242,2.6451612903225805,0.657037436650641,0.051048188779762256,600,3,TweetyNet,1.7700449947075758,gr41rd51,2012-06-22,0
min_segment_dur,0.9821291965743458,4.876344086021505,0.6451632511084001,0.09323226786458289,600,3,TweetyNet,1.787080342565417,gr41rd51,2012-06-22,0
min_segment_dur_majority_vote,0.9825870090856572,1.1451612903225807,0.6741952011284187,0.021882321217704885,600,3,TweetyNet,1.7412990914342785,gr41rd51,2012-06-22,0
none,0.981841737541613,6.473118279569892,0.6289557199367088,0.12417302107363579,600,3,TweetyNet,1.8158262458387031,gr41rd51,2012-06-22,0
majority_vote,0.9843644626928436,1.424731182795699,0.6842644145619042,0.027024907523179726,600,4,TweetyNet,1.5635537307156389,gr41rd51,2012-06-22,0
min_segment_dur,0.9843983882046383,4.408602150537634,0.6801548856921257,0.08243682578602199,600,4,TweetyNet,1.560161179536168,gr41rd51,2012-06-22,0
min_segment_dur_majority_vote,0.9844357247002227,1.010752688172043,0.6911369687161122,0.019001882375653582,600,4,TweetyNet,1.556427529977733,gr41rd51,2012-06-22,0
none,0.9843228999854475,4.908602150537634,0.6733107199626438,0.09204020101213754,600,4,TweetyNet,1.567710001455247,gr41rd51,2012-06-22,0
majority_vote,0.979774624454914,2.8763440860215055,0.5758623136700488,0.055097643230566345,600,5,TweetyNet,2.0225375545085966,gr41rd51,2012-06-22,0
min_segment_dur,0.9809092838684617,5.924731182795699,0.6165129681457386,0.11246646453841833,600,5,TweetyNet,1.9090716131538343,gr41rd51,2012-06-22,0
min_segment_dur_majority_vote,0.9800253237161923,1.5,0.5872147173290236,0.02858409637689128,600,5,TweetyNet,1.9974676283807669,gr41rd51,2012-06-22,0
none,0.980657213710944,7.419354838709677,0.603521723547971,0.1412118555026301,600,5,TweetyNet,1.9342786289055947,gr41rd51,2012-06-22,0
majority_vote,0.9836906010982868,1.8494623655913978,0.6418218039505805,0.035232880795364435,600,6,TweetyNet,1.6309398901713235,gr41rd51,2012-06-22,0
min_segment_dur,0.9840652740112346,4.978494623655914,0.6682867968833074,0.09252099511964361,600,6,TweetyNet,1.5934725988765441,gr41rd51,2012-06-22,0
min_segment_dur_majority_vote,0.9837650242959801,1.1666666666666667,0.6489625627774089,0.022070732505834544,600,6,TweetyNet,1.6234975704019883,gr41rd51,2012-06-22,0
none,0.9839940953098874,5.82258064516129,0.659444543988528,0.10853341293059653,600,6,TweetyNet,1.600590469011265,gr41rd51,2012-06-22,0
majority_vote,0.9841389308892806,1.6290322580645162,0.6830217899657955,0.03121841681457714,600,7,TweetyNet,1.5861069110719384,gr41rd51,2012-06-22,0
min_segment_dur,0.9843062167414789,4.295698924731183,0.6840924409558888,0.08077777669830569,600,7,TweetyNet,1.569378325852111,gr41rd51,2012-06-22,0
min_segment_dur_majority_vote,0.9842297524615105,1.053763440860215,0.6898560456652116,0.020178359536180003,600,7,TweetyNet,1.5770247538489546,gr41rd51,2012-06-22,0
none,0.9842145672751803,4.983870967741935,0.6776005598273883,0.09406659085952168,600,7,TweetyNet,1.5785432724819692,gr41rd51,2012-06-22,0
majority_vote,0.9824913910554479,2.5698924731182795,0.6345097849114374,0.04888036209240562,600,8,TweetyNet,1.7508608944552084,gr41rd51,2012-06-22,0
min_segment_dur,0.9831768421510507,5.704301075268817,0.6543605651639721,0.10610555746391312,600,8,TweetyNet,1.6823157848949277,gr41rd51,2012-06-22,0
min_segment_dur_majority_vote,0.9827213489262313,1.2258064516129032,0.6497137202721579,0.022996818061975476,600,8,TweetyNet,1.7278651073768692,gr41rd51,2012-06-22,0
none,0.9829498318373326,7.096774193548387,0.6376414572706258,0.13289541768642205,600,8,TweetyNet,1.7050168162667356,gr41rd51,2012-06-22,0
majority_vote,0.9833952175670353,2.4086021505376345,0.6502635815309445,0.04638417935649644,600,9,TweetyNet,1.6604782432964704,gr41rd51,2012-06-22,0
min_segment_dur,0.983176254267158,5.053763440860215,0.6334848514170343,0.0941584382870717,600,9,TweetyNet,1.6823745732841955,gr41rd51,2012-06-22,0
min_segment_dur_majority_vote,0.9835969090446903,1.064516129032258,0.6656630534593628,0.020277209639555923,600,9,TweetyNet,1.6403090955309674,gr41rd51,2012-06-22,0
none,0.9829700892972023,6.521505376344086,0.6196775190014886,0.12276927971833931,600,9,TweetyNet,1.702991070279769,gr41rd51,2012-06-22,0
majority_vote,0.9842527605357174,1.6612903225806452,0.6815057745850727,0.03191333860586562,600,10,TweetyNet,1.574723946428258,gr41rd51,2012-06-22,0
min_segment_dur,0.9834241259529481,5.188172043010753,0.6368203445746897,0.09773747893371464,600,10,TweetyNet,1.6575874047051853,gr41rd51,2012-06-22,0
min_segment_dur_majority_vote,0.9842864468406172,1.021505376344086,0.6874259190348747,0.019473539959346104,600,10,TweetyNet,1.5713553159382831,gr41rd51,2012-06-22,0
none,0.983385869555518,5.962365591397849,0.6311504915514553,0.11274236285029256,600,10,TweetyNet,1.6614130444482011,gr41rd51,2012-06-22,0
majority_vote,0.9810892561663218,3.633217993079585,0.5802050911713473,0.06971068093763075,600,1,TweetyNet,1.891074383367819,gr41rd51,2012-06-23,0
min_segment_dur,0.9806896707733288,7.283737024221454,0.5545330554295885,0.13016277404571783,600,1,TweetyNet,1.9310329226671197,gr41rd51,2012-06-23,0
min_segment_dur_majority_vote,0.9813598377019765,1.9411764705882353,0.5967931262642286,0.03424208455797757,600,1,TweetyNet,1.8640162298023455,gr41rd51,2012-06-23,0
none,0.980413826973104,9.349480968858131,0.5407954406760969,0.1728767358222129,600,1,TweetyNet,1.9586173026896025,gr41rd51,2012-06-23,0
majority_vote,0.9829157660788655,3.2145328719723185,0.610489101361447,0.0612080992075262,600,2,TweetyNet,1.708423392113445,gr41rd51,2012-06-23,0
min_segment_dur,0.9830437971152564,6.5121107266435985,0.6079030468298914,0.11526783592950307,600,2,TweetyNet,1.6956202884743643,gr41rd51,2012-06-23,0
min_segment_dur_majority_vote,0.9831764210629154,1.5916955017301038,0.6269257096544499,0.028189230309736187,600,2,TweetyNet,1.6823578937084638,gr41rd51,2012-06-23,0
none,0.9827823423073246,8.39446366782007,0.5910882623063309,0.15333749451750417,600,2,TweetyNet,1.7217657692675359,gr41rd51,2012-06-23,0
majority_vote,0.9828734364832282,3.5813148788927336,0.628301560321115,0.07191579185995486,600,3,TweetyNet,1.7126563516771776,gr41rd51,2012-06-23,0
min_segment_dur,0.9830946778973587,5.826989619377162,0.6242119462471759,0.10349883201442722,600,3,TweetyNet,1.6905322102641285,gr41rd51,2012-06-23,0
min_segment_dur_majority_vote,0.9833699669655892,1.4325259515570934,0.6553326582841048,0.02594798009851907,600,3,TweetyNet,1.6630033034410796,gr41rd51,2012-06-23,0
none,0.9825983935409622,8.214532871972319,0.6001118624605551,0.15464559699232755,600,3,TweetyNet,1.7401606459037766,gr41rd51,2012-06-23,0
majority_vote,0.9846354817925058,2.141868512110727,0.6383226661064679,0.042486350363943826,600,4,TweetyNet,1.5364518207494182,gr41rd51,2012-06-23,0
min_segment_dur,0.9853291754193142,5.197231833910035,0.6565765356279502,0.0925619856642064,600,4,TweetyNet,1.4670824580685804,gr41rd51,2012-06-23,0
min_segment_dur_majority_vote,0.9847486686447845,1.2629757785467128,0.6523729427075605,0.022123107285307538,600,4,TweetyNet,1.5251331355215503,gr41rd51,2012-06-23,0
none,0.9852151562347881,6.262975778546712,0.6442993328384082,0.11704917040752556,600,4,TweetyNet,1.4784843765211941,gr41rd51,2012-06-23,0
majority_vote,0.9805277044087136,3.3529411764705883,0.5641079602600898,0.063110232983788,600,5,TweetyNet,1.9472295591286382,gr41rd51,2012-06-23,0
min_segment_dur,0.9808751591192277,8.107266435986158,0.5613804241581335,0.1432373772947438,600,5,TweetyNet,1.9124840880772265,gr41rd51,2012-06-23,0
min_segment_dur_majority_vote,0.980768439822026,1.8615916955017302,0.5768557764421705,0.03323430668483744,600,5,TweetyNet,1.9231560177974005,gr41rd51,2012-06-23,0
none,0.980635226350774,9.885813148788927,0.5489775415435757,0.17819535616143684,600,5,TweetyNet,1.9364773649225953,gr41rd51,2012-06-23,0
majority_vote,0.9832138011480214,2.480968858131488,0.5843547892428897,0.04548183068477297,600,6,TweetyNet,1.6786198851978629,gr41rd51,2012-06-23,0
min_segment_dur,0.984074202968023,6.366782006920415,0.6067856896617366,0.10905116395221585,600,6,TweetyNet,1.5925797031977051,gr41rd51,2012-06-23,0
min_segment_dur_majority_vote,0.983243190351385,1.5916955017301038,0.5925052253854813,0.02729536619192436,600,6,TweetyNet,1.6756809648615034,gr41rd51,2012-06-23,0
none,0.9840417904167975,7.491349480968858,0.598302140936872,0.13119175622974477,600,6,TweetyNet,1.5958209583202487,gr41rd51,2012-06-23,0
majority_vote,0.9843979390719283,2.958477508650519,0.6323193722593452,0.06473905061031635,600,7,TweetyNet,1.5602060928071704,gr41rd51,2012-06-23,0
min_segment_dur,0.9846741429000115,5.491349480968858,0.6400455273833954,0.09815284387090446,600,7,TweetyNet,1.532585709998846,gr41rd51,2012-06-23,0
min_segment_dur_majority_vote,0.9847463953998388,1.3044982698961938,0.6545229327166314,0.023599481662105567,600,7,TweetyNet,1.525360460016123,gr41rd51,2012-06-23,0
none,0.9843286426077622,7.442906574394463,0.6197661694549859,0.14523033329113158,600,7,TweetyNet,1.5671357392237795,gr41rd51,2012-06-23,0
majority_vote,0.9841644837638137,2.8961937716262978,0.6109396758135773,0.05505380226685747,600,8,TweetyNet,1.5835516236186287,gr41rd51,2012-06-23,0
min_segment_dur,0.9851429138437818,5.42560553633218,0.6455763054806508,0.09554431721516794,600,8,TweetyNet,1.4857086156218169,gr41rd51,2012-06-23,0
min_segment_dur_majority_vote,0.984419296829179,1.3494809688581315,0.6281038620751297,0.02357877572197653,600,8,TweetyNet,1.5580703170821053,gr41rd51,2012-06-23,0
none,0.9848881007784154,7.190311418685121,0.6277389617103165,0.13117065458252156,600,8,TweetyNet,1.5111899221584624,gr41rd51,2012-06-23,0
majority_vote,0.9852669275189194,2.86159169550173,0.6451028344648545,0.05496758976685243,600,9,TweetyNet,1.4733072481080578,gr41rd51,2012-06-23,0
min_segment_dur,0.9854572602226938,4.560553633217993,0.6416391420265988,0.08167048307756722,600,9,TweetyNet,1.4542739777306246,gr41rd51,2012-06-23,0
min_segment_dur_majority_vote,0.9855429775472798,1.2006920415224913,0.6647602107027824,0.021738560908784354,600,9,TweetyNet,1.445702245272018,gr41rd51,2012-06-23,0
none,0.985181117703006,6.359861591695502,0.6232559079417317,0.1174681904567293,600,9,TweetyNet,1.4818882296994018,gr41rd51,2012-06-23,0
majority_vote,0.9850551855355386,2.5017301038062283,0.6592376102964426,0.04907084980627911,600,10,TweetyNet,1.4944814464461387,gr41rd51,2012-06-23,0
min_segment_dur,0.9844253433848915,5.325259515570934,0.6226638534055254,0.09500986870213599,600,10,TweetyNet,1.5574656615108484,gr41rd51,2012-06-23,0
min_segment_dur_majority_vote,0.9851570444995749,1.2525951557093427,0.6692634106643726,0.022468387770714457,600,10,TweetyNet,1.4842955500425137,gr41rd51,2012-06-23,0
none,0.984316593798555,6.86159169550173,0.6141939705926601,0.1263881048561053,600,10,TweetyNet,1.5683406201445038,gr41rd51,2012-06-23,0
majority_vote,0.9818418650752697,1.8066666666666666,0.8166484148604476,0.03156764998006743,600,1,TweetyNet,1.8158134924730285,gy6or6,2012-03-23,0
min_segment_dur,0.9818022807622668,1.48,0.8168227820347721,0.02396623392356711,600,1,TweetyNet,1.8197719237733168,gy6or6,2012-03-23,0
min_segment_dur_majority_vote,0.982032104284826,0.49333333333333335,0.8292042931710398,0.008879303776606713,600,1,TweetyNet,1.7967895715173987,gy6or6,2012-03-23,0
none,0.9816120415527103,2.7933333333333334,0.804622804276825,0.04665458012702781,600,1,TweetyNet,1.8387958447289687,gy6or6,2012-03-23,0
majority_vote,0.9835591144996926,2.46,0.8144642975956744,0.04585858271837626,600,2,TweetyNet,1.6440885500307423,gy6or6,2012-03-23,0
min_segment_dur,0.9835225107481199,1.7466666666666666,0.8138444183893748,0.030230885151128758,600,2,TweetyNet,1.6477489251880084,gy6or6,2012-03-23,0
min_segment_dur_majority_vote,0.9839507026067464,0.6,0.8343720624779136,0.012070689704798986,600,2,TweetyNet,1.6049297393253559,gy6or6,2012-03-23,0
none,0.9831293591638922,3.6333333333333333,0.7947934032282925,0.06456746306744635,600,2,TweetyNet,1.6870640836107786,gy6or6,2012-03-23,0
majority_vote,0.9846229158872385,1.18,0.8557040271920463,0.02176919752050382,600,3,TweetyNet,1.5377084112761508,gy6or6,2012-03-23,0
min_segment_dur,0.9845879730229943,0.96,0.8572957198458439,0.016587941776680194,600,3,TweetyNet,1.5412026977005722,gy6or6,2012-03-23,0
min_segment_dur_majority_vote,0.984739316243029,0.42,0.8671626727646243,0.007899897613172467,600,3,TweetyNet,1.5260683756970983,gy6or6,2012-03-23,0
none,0.9844715726672039,1.74,0.8462224760073053,0.030730764678518672,600,3,TweetyNet,1.5528427332796135,gy6or6,2012-03-23,0
majority_vote,0.9842196008461634,1.3333333333333333,0.8568633563521346,0.021708350798498866,600,4,TweetyNet,1.5780399153836555,gy6or6,2012-03-23,0
min_segment_dur,0.9840553214924073,1.06,0.8531688071157123,0.01685626824877157,600,4,TweetyNet,1.5944678507592736,gy6or6,2012-03-23,0
min_segment_dur_majority_vote,0.9842870413554885,0.31333333333333335,0.8663260605541023,0.005457404142854519,600,4,TweetyNet,1.5712958644511499,gy6or6,2012-03-23,0
none,0.983987880983082,2.0866666666666664,0.8438538203986329,0.03321832601552704,600,4,TweetyNet,1.6012119016918014,gy6or6,2012-03-23,0
majority_vote,0.985245419583743,1.6066666666666667,0.844179679356896,0.02984573999974988,600,5,TweetyNet,1.475458041625699,gy6or6,2012-03-23,0
min_segment_dur,0.985397586415335,1.3533333333333333,0.8538232486852761,0.02484386813709608,600,5,TweetyNet,1.4602413584664964,gy6or6,2012-03-23,0
min_segment_dur_majority_vote,0.985500197063648,0.43333333333333335,0.8614932334223634,0.008965070999827197,600,5,TweetyNet,1.4499802936352002,gy6or6,2012-03-23,0
none,0.9851428089354303,2.533333333333333,0.8366544207102423,0.045843584756066355,600,5,TweetyNet,1.485719106456973,gy6or6,2012-03-23,0
majority_vote,0.9822917806531078,2.473333333333333,0.7925067390842616,0.05186449155808265,600,6,TweetyNet,1.7708219346892151,gy6or6,2012-03-23,0
min_segment_dur,0.9822563562172955,3.3066666666666666,0.7885849656431053,0.08233477298789568,600,6,TweetyNet,1.7743643782704543,gy6or6,2012-03-23,0
min_segment_dur_majority_vote,0.9825331156671592,0.94,0.8036119548674755,0.022171669216699243,600,6,TweetyNet,1.7466884332840826,gy6or6,2012-03-23,0
none,0.9820150212032445,4.8533333333333335,0.7776025562032385,0.11259352628570243,600,6,TweetyNet,1.7984978796755535,gy6or6,2012-03-23,0
majority_vote,0.9849094042586961,1.16,0.8567861532549716,0.020170725337167482,600,7,TweetyNet,1.5090595741303892,gy6or6,2012-03-23,0
min_segment_dur,0.9848287897138116,1.06,0.8542503744626185,0.01838736339842319,600,7,TweetyNet,1.5171210286188397,gy6or6,2012-03-23,0
min_segment_dur_majority_vote,0.985017110271206,0.37333333333333335,0.8664633241271823,0.006604901296356883,600,7,TweetyNet,1.4982889728794024,gy6or6,2012-03-23,0
none,0.9847210837013021,1.86,0.844755498464552,0.03217914448872026,600,7,TweetyNet,1.527891629869793,gy6or6,2012-03-23,0
majority_vote,0.9844667681966072,1.1266666666666667,0.8672898904207064,0.019865054656101815,600,8,TweetyNet,1.5533231803392833,gy6or6,2012-03-23,0
min_segment_dur,0.9842638255619802,1.2,0.858496747685413,0.019266821418918414,600,8,TweetyNet,1.5736174438019779,gy6or6,2012-03-23,0
min_segment_dur_majority_vote,0.9845729014332845,0.3466666666666667,0.8757731137183047,0.0064284996157462585,600,8,TweetyNet,1.5427098566715536,gy6or6,2012-03-23,0
none,0.9841565981735441,1.9866666666666666,0.8503424947122993,0.03280287894683616,600,8,TweetyNet,1.5843401826455938,gy6or6,2012-03-23,0
majority_vote,0.9840297565306353,1.4866666666666666,0.8540884493825467,0.028863203303755754,600,9,TweetyNet,1.5970243469364709,gy6or6,2012-03-23,0
min_segment_dur,0.9840125415792053,1.1666666666666667,0.8550037528232227,0.020380840198506923,600,9,TweetyNet,1.5987458420794742,gy6or6,2012-03-23,0
min_segment_dur_majority_vote,0.9842165772057433,0.42,0.8643135381155767,0.008214089897745799,600,9,TweetyNet,1.5783422794256707,gy6or6,2012-03-23,0
none,0.9838268307204229,2.2666666666666666,0.845020902420633,0.041629945151269505,600,9,TweetyNet,1.6173169279577126,gy6or6,2012-03-23,0
majority_vote,0.98082906607162,1.8466666666666667,0.7965452821762763,0.0375045458073438,600,10,TweetyNet,1.9170933928379985,gy6or6,2012-03-23,0
min_segment_dur,0.9807802082852621,3.12,0.7930610379167462,0.0819413529963339,600,10,TweetyNet,1.9219791714737866,gy6or6,2012-03-23,0
min_segment_dur_majority_vote,0.9810265987158712,0.9066666666666666,0.8056221808354985,0.021389449367896083,600,10,TweetyNet,1.8973401284128832,gy6or6,2012-03-23,0
none,0.9805826756410113,4.086666666666667,0.7841792402614117,0.09878909883478547,600,10,TweetyNet,1.9417324358988686,gy6or6,2012-03-23,0
majority_vote,0.9839545329505698,1.3671497584541064,0.8793563105820297,0.021439241708093755,600,1,TweetyNet,1.6045467049430218,gy6or6,2012-03-24,0
min_segment_dur,0.9837277601400765,1.4106280193236715,0.8696984773330496,0.022260532051132865,600,1,TweetyNet,1.6272239859923543,gy6or6,2012-03-24,0
min_segment_dur_majority_vote,0.9841060519918075,0.21256038647342995,0.8910331667236037,0.0037749206386784215,600,1,TweetyNet,1.5893948008192549,gy6or6,2012-03-24,0
none,0.9835762410988389,2.579710144927536,0.8585036588212515,0.04014074365076924,600,1,TweetyNet,1.64237589011611,gy6or6,2012-03-24,0
majority_vote,0.985320449572308,1.78743961352657,0.8785472373791391,0.029014021084917768,600,2,TweetyNet,1.4679550427691979,gy6or6,2012-03-24,0
min_segment_dur,0.9853842751895449,1.0048309178743962,0.881003200572801,0.015896707920110425,600,2,TweetyNet,1.4615724810455144,gy6or6,2012-03-24,0
min_segment_dur_majority_vote,0.9855572420976261,0.32367149758454106,0.8953180314376126,0.005651465229620772,600,2,TweetyNet,1.4442757902373926,gy6or6,2012-03-24,0
none,0.9851474826642269,2.473429951690821,0.8647061513575424,0.039460552020173914,600,2,TweetyNet,1.4852517335773086,gy6or6,2012-03-24,0
majority_vote,0.9861192137524524,0.642512077294686,0.9107577617147332,0.009910942801965555,600,3,TweetyNet,1.3880786247547627,gy6or6,2012-03-24,0
min_segment_dur,0.9861291417954369,0.6135265700483091,0.9115326204877426,0.009521148698228317,600,3,TweetyNet,1.387085820456313,gy6or6,2012-03-24,0
min_segment_dur_majority_vote,0.9861617965026053,0.18357487922705315,0.9166871331383837,0.002928887297517341,600,3,TweetyNet,1.383820349739473,gy6or6,2012-03-24,0
none,0.9860865590452839,1.0821256038647342,0.9057050901269752,0.016659040263140915,600,3,TweetyNet,1.3913440954716139,gy6or6,2012-03-24,0
majority_vote,0.9856005884047961,1.0,0.8961095725415384,0.015309931706661383,600,4,TweetyNet,1.439941159520386,gy6or6,2012-03-24,0
min_segment_dur,0.9854494134689009,0.8599033816425121,0.8884379138699499,0.013048786629904798,600,4,TweetyNet,1.4550586531099086,gy6or6,2012-03-24,0
min_segment_dur_majority_vote,0.9856468795617346,0.18840579710144928,0.9023710105342457,0.002973185082588589,600,4,TweetyNet,1.435312043826542,gy6or6,2012-03-24,0
none,0.9854031223119623,1.671497584541063,0.8822123042122031,0.025385533253977587,600,4,TweetyNet,1.4596877688037746,gy6or6,2012-03-24,0
majority_vote,0.9865857078267297,1.0193236714975846,0.9047880410664899,0.015786043422876102,600,5,TweetyNet,1.3414292173270281,gy6or6,2012-03-24,0
min_segment_dur,0.9864438471256158,0.9468599033816425,0.8993090625740428,0.014687342301106665,600,5,TweetyNet,1.3556152874384164,gy6or6,2012-03-24,0
min_segment_dur_majority_vote,0.9866752133704302,0.21739130434782608,0.9144535007865136,0.0034246270197251425,600,5,TweetyNet,1.3324786629569818,gy6or6,2012-03-24,0
none,0.9863531191836679,1.7584541062801933,0.8900375007414522,0.02721347903549043,600,5,TweetyNet,1.364688081633214,gy6or6,2012-03-24,0
majority_vote,0.9855648243308376,1.3236714975845412,0.885681463352224,0.022216142395283,600,6,TweetyNet,1.4435175669162414,gy6or6,2012-03-24,0
min_segment_dur,0.9856340487200678,1.2318840579710144,0.8878605934272208,0.019332575853550044,600,6,TweetyNet,1.4365951279932232,gy6or6,2012-03-24,0
min_segment_dur_majority_vote,0.9858044917609478,0.33816425120772947,0.9006588299905429,0.006057284966273244,600,6,TweetyNet,1.4195508239052246,gy6or6,2012-03-24,0
none,0.9853943812899575,2.2270531400966185,0.8732072035920074,0.03564603254889352,600,6,TweetyNet,1.4605618710042512,gy6or6,2012-03-24,0
majority_vote,0.9862385980288579,0.7294685990338164,0.9109998460530605,0.010790907674559157,600,7,TweetyNet,1.3761401971142062,gy6or6,2012-03-24,0
min_segment_dur,0.9861720555711218,0.6811594202898551,0.9071207068353786,0.00976452901879672,600,7,TweetyNet,1.3827944428878247,gy6or6,2012-03-24,0
min_segment_dur_majority_vote,0.9863155225941231,0.2222222222222222,0.917897550952218,0.003369115834889118,600,7,TweetyNet,1.368447740587686,gy6or6,2012-03-24,0
none,0.986095131005856,1.1932367149758454,0.900173922903508,0.017264238888698966,600,7,TweetyNet,1.3904868994144004,gy6or6,2012-03-24,0
majority_vote,0.9859611694361591,0.6473429951690821,0.9131893113498002,0.010014002047677155,600,8,TweetyNet,1.403883056384092,gy6or6,2012-03-24,0
min_segment_dur,0.985655455589125,1.0289855072463767,0.897115196706219,0.01645353436030902,600,8,TweetyNet,1.434454441087496,gy6or6,2012-03-24,0
min_segment_dur_majority_vote,0.9860040456164084,0.15942028985507245,0.9172343990691255,0.002603674943830464,600,8,TweetyNet,1.399595438359158,gy6or6,2012-03-24,0
none,0.9856117152017425,1.5217391304347827,0.8931378963325328,0.023924247937585675,600,8,TweetyNet,1.438828479825749,gy6or6,2012-03-24,0
majority_vote,0.9852015252957522,0.8454106280193237,0.9005439489171783,0.01361505065882164,600,9,TweetyNet,1.4798474704247777,gy6or6,2012-03-24,0
min_segment_dur,0.985190710975519,0.8792270531400966,0.899176446750834,0.014333579351228512,600,9,TweetyNet,1.4809289024480976,gy6or6,2012-03-24,0
min_segment_dur_majority_vote,0.9852667339379069,0.22705314009661837,0.9063246826660837,0.003965381309408707,600,9,TweetyNet,1.473326606209313,gy6or6,2012-03-24,0
none,0.985125502333364,1.5120772946859904,0.8934363134352109,0.024202498050325566,600,9,TweetyNet,1.4874497666635955,gy6or6,2012-03-24,0
majority_vote,0.9844163461677489,0.9951690821256038,0.8885383270970595,0.015514427323717184,600,10,TweetyNet,1.5583653832251132,gy6or6,2012-03-24,0
min_segment_dur,0.9842033131677659,1.2463768115942029,0.8771608341303444,0.018978002920100046,600,10,TweetyNet,1.579668683223412,gy6or6,2012-03-24,0
min_segment_dur_majority_vote,0.9844942863044622,0.3719806763285024,0.8952740512516935,0.006349155293648564,600,10,TweetyNet,1.550571369553777,gy6or6,2012-03-24,0
none,0.9841253730310526,1.8743961352657006,0.8706403162510585,0.028231109820612242,600,10,TweetyNet,1.587462696894737,gy6or6,2012-03-24,0
majority_vote,0.9822791308596507,1.7435897435897436,0.8218162080659831,0.026708076671257526,600,1,TweetyNet,1.7720869140349316,gy6or6,2012-03-26,0
min_segment_dur,0.9818484398874033,1.9743589743589745,0.8026665277841271,0.03327703267545748,600,1,TweetyNet,1.8151560112596665,gy6or6,2012-03-26,0
min_segment_dur_majority_vote,0.9825485142128699,0.41025641025641024,0.8342635354578235,0.00665130902205205,600,1,TweetyNet,1.7451485787130072,gy6or6,2012-03-26,0
none,0.9815790565341842,3.3076923076923075,0.7916285564010971,0.05333380032466295,600,1,TweetyNet,1.8420943465815798,gy6or6,2012-03-26,0
majority_vote,0.9838117430524675,2.9743589743589745,0.8119037767800293,0.04662376486369313,600,2,TweetyNet,1.6188256947532453,gy6or6,2012-03-26,0
min_segment_dur,0.9838024277115488,2.41025641025641,0.8110827324972926,0.03911719870792205,600,2,TweetyNet,1.61975722884512,gy6or6,2012-03-26,0
min_segment_dur_majority_vote,0.9842826383664709,0.9743589743589743,0.8382189650851611,0.016155392582584787,600,2,TweetyNet,1.5717361633529103,gy6or6,2012-03-26,0
none,0.9833315323975454,4.410256410256411,0.7866884001457002,0.06958557098903038,600,2,TweetyNet,1.666846760245455,gy6or6,2012-03-26,0
majority_vote,0.9842675922528478,1.4871794871794872,0.8598697688220269,0.02281050722730998,600,3,TweetyNet,1.5732407747152233,gy6or6,2012-03-26,0
min_segment_dur,0.984177213707224,1.3333333333333333,0.8537893497466075,0.020461046575389333,600,3,TweetyNet,1.5822786292776003,gy6or6,2012-03-26,0
min_segment_dur_majority_vote,0.9843472578712164,0.38461538461538464,0.8666296895041237,0.006041553442139552,600,3,TweetyNet,1.5652742128783648,gy6or6,2012-03-26,0
none,0.9840975480888553,2.4358974358974357,0.846853758368978,0.037230000360559755,600,3,TweetyNet,1.59024519111447,gy6or6,2012-03-26,0
majority_vote,0.9843815489035072,1.1538461538461537,0.8661902118952611,0.01660184697001126,600,4,TweetyNet,1.5618451096492847,gy6or6,2012-03-26,0
min_segment_dur,0.9840191342641165,1.5128205128205128,0.8482989921631489,0.02427341438896369,600,4,TweetyNet,1.5980865735883532,gy6or6,2012-03-26,0
min_segment_dur_majority_vote,0.9844996191442528,0.41025641025641024,0.8748224522810836,0.006289723664772088,600,4,TweetyNet,1.5500380855747231,gy6or6,2012-03-26,0
none,0.983905486414823,2.3076923076923075,0.8409469706475088,0.0353939005756491,600,4,TweetyNet,1.6094513585176995,gy6or6,2012-03-26,0
majority_vote,0.985219847454293,2.0,0.8560453028045916,0.03138111741020713,600,5,TweetyNet,1.478015254570697,gy6or6,2012-03-26,0
min_segment_dur,0.9850517541203039,1.564102564102564,0.8502371809057788,0.027440071588638464,600,5,TweetyNet,1.494824587969612,gy6or6,2012-03-26,0
min_segment_dur_majority_vote,0.9855085758725333,0.48717948717948717,0.8744074909264921,0.008271492595685074,600,5,TweetyNet,1.4491424127466734,gy6or6,2012-03-26,0
none,0.9847630257020632,3.128205128205128,0.832892871672391,0.05133317218663628,600,5,TweetyNet,1.52369742979368,gy6or6,2012-03-26,0
majority_vote,0.9830331246975397,2.8974358974358974,0.7978559541159256,0.04567786901766727,600,6,TweetyNet,1.6966875302460327,gy6or6,2012-03-26,0
min_segment_dur,0.9830387357685411,2.3076923076923075,0.7943236566285866,0.03722811667102773,600,6,TweetyNet,1.696126423145894,gy6or6,2012-03-26,0
min_segment_dur_majority_vote,0.9836064579411891,0.9487179487179487,0.8233539405755125,0.014998895589965712,600,6,TweetyNet,1.639354205881094,gy6or6,2012-03-26,0
none,0.9824654025248916,4.333333333333333,0.7707972798702806,0.06910313374760317,600,6,TweetyNet,1.7534597475108438,gy6or6,2012-03-26,0
majority_vote,0.9847483023660053,1.3846153846153846,0.8577439728864147,0.02039699329507949,600,7,TweetyNet,1.5251697633994699,gy6or6,2012-03-26,0
min_segment_dur,0.984511488513671,1.1025641025641026,0.8468531800204574,0.01780349810311987,600,7,TweetyNet,1.5488511486329015,gy6or6,2012-03-26,0
min_segment_dur_majority_vote,0.9848854745842055,0.38461538461538464,0.8698551860177057,0.005722349004744831,600,7,TweetyNet,1.51145254157945,gy6or6,2012-03-26,0
none,0.9843743162954709,2.1025641025641026,0.8359774964914487,0.032478142393454534,600,7,TweetyNet,1.5625683704529103,gy6or6,2012-03-26,0
majority_vote,0.9845835707747611,1.3076923076923077,0.8538653048636232,0.020506895483519905,600,8,TweetyNet,1.5416429225238892,gy6or6,2012-03-26,0
min_segment_dur,0.9843884941763656,1.564102564102564,0.8432676168992811,0.02404288986629051,600,8,TweetyNet,1.5611505823634353,gy6or6,2012-03-26,0
min_segment_dur_majority_vote,0.9847181788202667,0.358974358974359,0.8638038635461331,0.005887319539714269,600,8,TweetyNet,1.5281821179733313,gy6or6,2012-03-26,0
none,0.9842538861308603,2.5128205128205128,0.8334883481801415,0.03866246581009614,600,8,TweetyNet,1.574611386913971,gy6or6,2012-03-26,0
majority_vote,0.9838937245461412,1.5128205128205128,0.8605802196547879,0.023145158204334722,600,9,TweetyNet,1.6106275453858787,gy6or6,2012-03-26,0
min_segment_dur,0.9835928255292694,1.7692307692307692,0.8490816615322493,0.028855045765681053,600,9,TweetyNet,1.640717447073059,gy6or6,2012-03-26,0
min_segment_dur_majority_vote,0.9839763817463821,0.46153846153846156,0.8682991197546708,0.007830910633363981,600,9,TweetyNet,1.6023618253617866,gy6or6,2012-03-26,0
none,0.9835101683290287,2.8205128205128207,0.8418309755671808,0.04416929333665181,600,9,TweetyNet,1.6489831670971289,gy6or6,2012-03-26,0
majority_vote,0.9813683695186907,2.1025641025641026,0.798049504527536,0.03247592892719401,600,10,TweetyNet,1.8631630481309336,gy6or6,2012-03-26,0
min_segment_dur,0.9810596917575936,2.230769230769231,0.7832263451292959,0.037196596930320174,600,10,TweetyNet,1.8940308242406445,gy6or6,2012-03-26,0
min_segment_dur_majority_vote,0.9816430736908237,0.9230769230769231,0.809084696601656,0.015239208240910157,600,10,TweetyNet,1.8356926309176291,gy6or6,2012-03-26,0
none,0.9807849875854604,3.4615384615384617,0.7732066917888302,0.05540090348985029,600,10,TweetyNet,1.92150124145396,gy6or6,2012-03-26,0
majority_vote,0.9876619114847953,2.353846153846154,0.8688022767649253,0.0332853287691438,600,1,TweetyNet,1.2338088515204682,or60yw70,2012-09-27,0
min_segment_dur,0.9873858026981253,2.0615384615384613,0.8663414284019292,0.02266232228688717,600,1,TweetyNet,1.261419730187474,or60yw70,2012-09-27,0
min_segment_dur_majority_vote,0.9877272765062335,0.4,0.8886265203522095,0.004819998360698717,600,1,TweetyNet,1.2272723493766513,or60yw70,2012-09-27,0
none,0.9873204376766875,4.061538461538461,0.8468023674866051,0.05202080807124624,600,1,TweetyNet,1.2679562323312465,or60yw70,2012-09-27,0
majority_vote,0.9880604983083299,2.6769230769230767,0.8413843058373512,0.03831414501664185,600,2,TweetyNet,1.193950169167013,or60yw70,2012-09-27,0
min_segment_dur,0.9877208758173852,3.292307692307692,0.8321078366497161,0.042875606858330854,600,2,TweetyNet,1.2279124182614787,or60yw70,2012-09-27,0
min_segment_dur_majority_vote,0.9883307967366431,0.47692307692307695,0.8671520448640465,0.006686712677133127,600,2,TweetyNet,1.1669203263356853,or60yw70,2012-09-27,0
none,0.9874505773890716,5.723076923076923,0.8074123806117673,0.07887007969918132,600,2,TweetyNet,1.2549422610928396,or60yw70,2012-09-27,0
majority_vote,0.986236197663881,2.6307692307692307,0.8453614872998223,0.03727845413723353,600,3,TweetyNet,1.3763802336118958,or60yw70,2012-09-27,0
min_segment_dur,0.9861179825965241,1.9846153846153847,0.8504374320877874,0.024035653724077545,600,3,TweetyNet,1.3882017403475944,or60yw70,2012-09-27,0
min_segment_dur_majority_vote,0.9864360823947992,0.4461538461538462,0.874795121797268,0.0052808994152000145,600,3,TweetyNet,1.3563917605200815,or60yw70,2012-09-27,0
none,0.9859179646349066,4.2153846153846155,0.8248286923886636,0.05648523389813652,600,3,TweetyNet,1.4082035365093448,or60yw70,2012-09-27,0
majority_vote,0.9865683857555596,2.5538461538461537,0.8391767793866857,0.036745864168795654,600,4,TweetyNet,1.3431614244440393,or60yw70,2012-09-27,0
min_segment_dur,0.9861792207858632,3.1076923076923078,0.8319560190819829,0.04142883905241038,600,4,TweetyNet,1.3820779214136825,or60yw70,2012-09-27,0
min_segment_dur_majority_vote,0.9864845482640224,0.5846153846153846,0.8560212973336685,0.007958032975745577,600,4,TweetyNet,1.3515451735977568,or60yw70,2012-09-27,0
none,0.9862508463130936,5.323076923076923,0.81517893005219,0.07296047614063113,600,4,TweetyNet,1.3749153686906435,or60yw70,2012-09-27,0
majority_vote,0.9870997537611137,1.9230769230769231,0.8524786242625895,0.0324611233448092,600,5,TweetyNet,1.2900246238886304,or60yw70,2012-09-27,0
min_segment_dur,0.9872143349136184,2.230769230769231,0.8552269695371848,0.028409784576371683,600,5,TweetyNet,1.278566508638157,or60yw70,2012-09-27,0
min_segment_dur_majority_vote,0.9874031795498748,0.46153846153846156,0.8725088235178956,0.007272934216991112,600,5,TweetyNet,1.2596820450125223,or60yw70,2012-09-27,0
none,0.9869047272542234,3.753846153846154,0.8352911936885064,0.055555530317616834,600,5,TweetyNet,1.3095272745776598,or60yw70,2012-09-27,0
majority_vote,0.9851754782039949,2.8615384615384616,0.8242713884144295,0.041403416468378015,600,6,TweetyNet,1.482452179600513,or60yw70,2012-09-27,0
min_segment_dur,0.9851097053548008,3.046153846153846,0.8251249077676633,0.037538258027565365,600,6,TweetyNet,1.4890294645199198,or60yw70,2012-09-27,0
min_segment_dur_majority_vote,0.9856468317118345,0.5384615384615384,0.8618023269282697,0.006750928935507948,600,6,TweetyNet,1.4353168288165463,or60yw70,2012-09-27,0
none,0.9846289361136563,5.538461538461538,0.7912117795712724,0.07412947405654095,600,6,TweetyNet,1.5371063886343683,or60yw70,2012-09-27,0
majority_vote,0.9879883626744627,1.8923076923076922,0.8625546316495234,0.028241076959925112,600,7,TweetyNet,1.2011637325537339,or60yw70,2012-09-27,0
min_segment_dur,0.9878504653079104,2.4,0.8621680333364341,0.030354596634364333,600,7,TweetyNet,1.214953469208957,or60yw70,2012-09-27,0
min_segment_dur_majority_vote,0.9882292686634543,0.49230769230769234,0.8874613261106871,0.005699737814383879,600,7,TweetyNet,1.1770731336545714,or60yw70,2012-09-27,0
none,0.9876115008402949,4.030769230769231,0.839080896622591,0.056882964563524804,600,7,TweetyNet,1.238849915970508,or60yw70,2012-09-27,0
majority_vote,0.9865200380176324,2.046153846153846,0.8496665416853172,0.02848503976975617,600,8,TweetyNet,1.347996198236756,or60yw70,2012-09-27,0
min_segment_dur,0.9861554678291983,2.707692307692308,0.8416621403351485,0.03479623720615985,600,8,TweetyNet,1.3844532170801727,or60yw70,2012-09-27,0
min_segment_dur_majority_vote,0.9866761914148968,0.5692307692307692,0.8627649087410003,0.009315904715520351,600,8,TweetyNet,1.332380858510318,or60yw70,2012-09-27,0
none,0.9860010636861443,4.276923076923077,0.8293499694357145,0.05581111187288464,600,8,TweetyNet,1.3998936313855737,or60yw70,2012-09-27,0
majority_vote,0.9871066372341725,2.246153846153846,0.8483376451370164,0.030758738834872075,600,9,TweetyNet,1.2893362765827532,or60yw70,2012-09-27,0
min_segment_dur,0.986884783063296,2.3384615384615386,0.8374664364915457,0.03133032531807192,600,9,TweetyNet,1.3115216936704033,or60yw70,2012-09-27,0
min_segment_dur_majority_vote,0.9871897397374176,0.5076923076923077,0.8602479934963705,0.007367124388515532,600,9,TweetyNet,1.2810260262582363,or60yw70,2012-09-27,0
none,0.986801680560051,4.3076923076923075,0.8253733939000075,0.05819522276707661,600,9,TweetyNet,1.319831943994898,or60yw70,2012-09-27,0
majority_vote,0.9851956834892788,2.4923076923076923,0.8405556863211016,0.03668554852856186,600,10,TweetyNet,1.4804316510721227,or60yw70,2012-09-27,0
min_segment_dur,0.9847294514662375,2.646153846153846,0.8373537434326099,0.029687671513358896,600,10,TweetyNet,1.527054853376253,or60yw70,2012-09-27,0
min_segment_dur_majority_vote,0.9852659701143026,0.6153846153846154,0.8631674942019346,0.007567581051014429,600,10,TweetyNet,1.4734029885697386,or60yw70,2012-09-27,0
none,0.984664510433773,4.6,0.8157934216381675,0.060541337686902785,600,10,TweetyNet,1.533548956622699,or60yw70,2012-09-27,0
majority_vote,0.9867697314798503,2.294736842105263,0.8692687685948766,0.035179947032435474,600,1,TweetyNet,1.3230268520149746,or60yw70,2012-09-29,0
min_segment_dur,0.9866865793413745,2.1052631578947367,0.8720650748430263,0.031030909299947992,600,1,TweetyNet,1.3313420658625508,or60yw70,2012-09-29,0
min_segment_dur_majority_vote,0.9870339604419557,0.3473684210526316,0.8940691540015263,0.004590617834364949,600,1,TweetyNet,1.2966039558044318,or60yw70,2012-09-29,0
none,0.9864208916326246,4.147368421052631,0.8482207044106609,0.0635428006449216,600,1,TweetyNet,1.3579108367375414,or60yw70,2012-09-29,0
majority_vote,0.9861314847383122,2.6736842105263157,0.8283384451742433,0.0462845160873124,600,2,TweetyNet,1.3868515261687753,or60yw70,2012-09-29,0
min_segment_dur,0.9859053279959309,3.4842105263157896,0.8146879983598353,0.05683768295569054,600,2,TweetyNet,1.4094672004069109,or60yw70,2012-09-29,0
min_segment_dur_majority_vote,0.9864030797789349,0.5157894736842106,0.8471848428505198,0.010129908803565183,600,2,TweetyNet,1.3596920221065067,or60yw70,2012-09-29,0
none,0.9856367492771047,5.8,0.7970821955183947,0.09643508134002451,600,2,TweetyNet,1.4363250722895349,or60yw70,2012-09-29,0
majority_vote,0.9860512236975306,2.357894736842105,0.8500863428304037,0.040418060545503384,600,3,TweetyNet,1.394877630246938,or60yw70,2012-09-29,0
min_segment_dur,0.9860210346713495,1.8736842105263158,0.8585192115467867,0.028168588016306544,600,3,TweetyNet,1.3978965328650506,or60yw70,2012-09-29,0
min_segment_dur_majority_vote,0.9862881574549794,0.3894736842105263,0.8774218547938734,0.005613191972738375,600,3,TweetyNet,1.3711842545020558,or60yw70,2012-09-29,0
none,0.9857800957874365,3.9157894736842107,0.8318228215783486,0.06425417555677114,600,3,TweetyNet,1.4219904212563472,or60yw70,2012-09-29,0
majority_vote,0.9866274936225529,2.473684210526316,0.8635984627846187,0.03966502484010411,600,4,TweetyNet,1.3372506377447135,or60yw70,2012-09-29,0
min_segment_dur,0.9863719473712007,2.0,0.8518436192438953,0.02730263514300339,600,4,TweetyNet,1.3628052628799292,or60yw70,2012-09-29,0
min_segment_dur_majority_vote,0.9867405056517933,0.3894736842105263,0.8756565928757699,0.007041395753465343,600,4,TweetyNet,1.3259494348206724,or60yw70,2012-09-29,0
none,0.9862589353419603,4.157894736842105,0.8400248952264946,0.0628058301066406,600,4,TweetyNet,1.3741064658039703,or60yw70,2012-09-29,0
majority_vote,0.9870873793013132,1.8421052631578947,0.8703751422643334,0.03272633381729897,600,5,TweetyNet,1.2912620698686816,or60yw70,2012-09-29,0
min_segment_dur,0.987075249714577,1.6,0.8715307454574187,0.02212968107353848,600,5,TweetyNet,1.2924750285422948,or60yw70,2012-09-29,0
min_segment_dur_majority_vote,0.9873206303459878,0.37894736842105264,0.8894285726787173,0.006185366913094553,600,5,TweetyNet,1.2679369654012174,or60yw70,2012-09-29,0
none,0.9868443355143446,3.126315789473684,0.8533582390838307,0.04968612586616852,600,5,TweetyNet,1.3155664485655416,or60yw70,2012-09-29,0
majority_vote,0.9859004442599302,3.221052631578947,0.8259692926860727,0.0531722703272167,600,6,TweetyNet,1.4099555740069825,or60yw70,2012-09-29,0
min_segment_dur,0.9861014475651985,3.1052631578947367,0.8366277390746186,0.043244961748251556,600,6,TweetyNet,1.3898552434801537,or60yw70,2012-09-29,0
min_segment_dur_majority_vote,0.9866184817875027,0.5157894736842106,0.8743081729262279,0.0072631431623783075,600,6,TweetyNet,1.3381518212497334,or60yw70,2012-09-29,0
none,0.9853834100376255,5.863157894736842,0.7919698128523271,0.08996080668509328,600,6,TweetyNet,1.461658996237447,or60yw70,2012-09-29,0
majority_vote,0.9870418576658697,1.9052631578947368,0.8756296445788997,0.03083211231884533,600,7,TweetyNet,1.2958142334130285,or60yw70,2012-09-29,0
min_segment_dur,0.9869525109916802,2.1052631578947367,0.865564828471192,0.034221400506319326,600,7,TweetyNet,1.3047489008319757,or60yw70,2012-09-29,0
min_segment_dur_majority_vote,0.9872751409443064,0.3684210526315789,0.8902462166388165,0.007098594654225543,600,7,TweetyNet,1.272485905569365,or60yw70,2012-09-29,0
none,0.9867192277132436,3.7473684210526317,0.851370770116043,0.05920026131193908,600,7,TweetyNet,1.3280772286756393,or60yw70,2012-09-29,0
majority_vote,0.9864961385606272,1.9157894736842105,0.8438057083183742,0.032831532771051976,600,8,TweetyNet,1.3503861439372766,or60yw70,2012-09-29,0
min_segment_dur,0.9864105246297897,2.473684210526316,0.838718378367952,0.03380004264626778,600,8,TweetyNet,1.3589475370210269,or60yw70,2012-09-29,0
min_segment_dur_majority_vote,0.9866871764550539,0.45263157894736844,0.8598415897252938,0.008473361047187372,600,8,TweetyNet,1.3312823544946117,or60yw70,2012-09-29,0
none,0.9862183183131422,4.031578947368421,0.8228197378567016,0.05944783919519804,600,8,TweetyNet,1.3781681686857783,or60yw70,2012-09-29,0
majority_vote,0.986874958840694,2.0105263157894737,0.8666769938246314,0.031247754377443322,600,9,TweetyNet,1.3125041159306017,or60yw70,2012-09-29,0
min_segment_dur,0.9867990955392104,1.8842105263157896,0.8712558868032316,0.028349943599652632,600,9,TweetyNet,1.3200904460789586,or60yw70,2012-09-29,0
min_segment_dur_majority_vote,0.9870758210099243,0.37894736842105264,0.890000372356056,0.005527092326291683,600,9,TweetyNet,1.2924178990075696,or60yw70,2012-09-29,0
none,0.9865982333699794,3.610526315789474,0.8486507193807981,0.055149515131667486,600,9,TweetyNet,1.3401766630020573,or60yw70,2012-09-29,0
majority_vote,0.9860530762189774,2.0842105263157893,0.8531718129683368,0.0355700120118736,600,10,TweetyNet,1.394692378102258,or60yw70,2012-09-29,0
min_segment_dur,0.9859179285641989,2.5473684210526315,0.8506252329944799,0.03519148455069816,600,10,TweetyNet,1.4082071435801091,or60yw70,2012-09-29,0
min_segment_dur_majority_vote,0.986243252610934,0.42105263157894735,0.8728304219458577,0.007118861395309305,600,10,TweetyNet,1.375674738906596,or60yw70,2012-09-29,0
none,0.985727488474358,4.28421052631579,0.8315263482472273,0.06440555341124257,600,10,TweetyNet,1.4272511525642018,or60yw70,2012-09-29,0
majority_vote,0.985854857236328,2.037974683544304,0.85115174921973,0.035284248802062455,600,1,TweetyNet,1.4145142763671958,or60yw70,2012-09-30,0
min_segment_dur,0.9855413177869684,1.6075949367088607,0.8504243359605208,0.021224665367804145,600,1,TweetyNet,1.4458682213031593,or60yw70,2012-09-30,0
min_segment_dur_majority_vote,0.985870468820878,0.31645569620253167,0.8651947621593975,0.0052910937886483335,600,1,TweetyNet,1.4129531179121968,or60yw70,2012-09-30,0
none,0.9855257062024184,3.367088607594937,0.8364290234728844,0.05172139724660982,600,1,TweetyNet,1.4474293797581583,or60yw70,2012-09-30,0
majority_vote,0.9856807693806694,2.6455696202531644,0.8149825839665319,0.04016703398284702,600,2,TweetyNet,1.4319230619330603,or60yw70,2012-09-30,0
min_segment_dur,0.98568883577015,2.721518987341772,0.8186301874937159,0.04002640046648919,600,2,TweetyNet,1.4311164229850015,or60yw70,2012-09-30,0
min_segment_dur_majority_vote,0.9860843001036952,0.46835443037974683,0.8424596130177334,0.006773627853455938,600,2,TweetyNet,1.3915699896304812,or60yw70,2012-09-30,0
none,0.9852853050471241,4.974683544303797,0.7924773775951593,0.07546754150011573,600,2,TweetyNet,1.4714694952875917,or60yw70,2012-09-30,0
majority_vote,0.9853525723636058,2.329113924050633,0.843086503637967,0.04011107738928525,600,3,TweetyNet,1.464742763639415,or60yw70,2012-09-30,0
min_segment_dur,0.9853136504595631,2.0,0.8478349978466155,0.028054004255463595,600,3,TweetyNet,1.4686349540436905,or60yw70,2012-09-30,0
min_segment_dur_majority_vote,0.9856788970976842,0.3291139240506329,0.8687895302316708,0.005608242195554918,600,3,TweetyNet,1.4321102902315808,or60yw70,2012-09-30,0
none,0.9849885803818275,4.10126582278481,0.8236294086352044,0.0640175082382418,600,3,TweetyNet,1.501141961817254,or60yw70,2012-09-30,0
majority_vote,0.985907232749398,2.3417721518987342,0.8528765489785932,0.03799301231157216,600,4,TweetyNet,1.4092767250602045,or60yw70,2012-09-30,0
min_segment_dur,0.9854639245092193,2.0126582278481013,0.8390741879185348,0.03133273055523366,600,4,TweetyNet,1.453607549078073,or60yw70,2012-09-30,0
min_segment_dur_majority_vote,0.9858636783777199,0.43037974683544306,0.8634253000107275,0.00913781241614461,600,4,TweetyNet,1.4136321622280068,or60yw70,2012-09-30,0
none,0.9855111231094413,4.0886075949367084,0.8297075738876812,0.062229964393001456,600,4,TweetyNet,1.4488876890558666,or60yw70,2012-09-30,0
majority_vote,0.9866668610162496,1.5569620253164558,0.8630749755655033,0.024997701505530955,600,5,TweetyNet,1.3333138983750437,or60yw70,2012-09-30,0
min_segment_dur,0.9866101280230105,1.4303797468354431,0.8649910176612662,0.02112463855652802,600,5,TweetyNet,1.3389871976989487,or60yw70,2012-09-30,0
min_segment_dur_majority_vote,0.9868828290272292,0.31645569620253167,0.8798701532076577,0.0061322129136098325,600,5,TweetyNet,1.3117170972770764,or60yw70,2012-09-30,0
none,0.9863941600120306,2.721518987341772,0.8486147236271564,0.04088125122088615,600,5,TweetyNet,1.3605839987969381,or60yw70,2012-09-30,0
majority_vote,0.9848922888127142,2.4936708860759493,0.8078361739578561,0.04149403886378613,600,6,TweetyNet,1.5107711187285822,or60yw70,2012-09-30,0
min_segment_dur,0.9849964174606026,3.088607594936709,0.8141615235673847,0.042424906152981764,600,6,TweetyNet,1.5003582539397375,or60yw70,2012-09-30,0
min_segment_dur_majority_vote,0.9854958988041223,0.45569620253164556,0.8480043180535566,0.007873930233840651,600,6,TweetyNet,1.450410119587775,or60yw70,2012-09-30,0
none,0.9843928074691948,5.189873417721519,0.7773221570348848,0.07778558814556638,600,6,TweetyNet,1.5607192530805225,or60yw70,2012-09-30,0
majority_vote,0.9869648128536982,1.6455696202531647,0.8666234738305179,0.02653610485932902,600,7,TweetyNet,1.3035187146301808,or60yw70,2012-09-30,0
min_segment_dur,0.986973080200752,1.4050632911392404,0.865759361846583,0.024014396027014787,600,7,TweetyNet,1.3026919799247971,or60yw70,2012-09-30,0
min_segment_dur_majority_vote,0.9872263890979602,0.3037974683544304,0.8856349614233407,0.004610315090471844,600,7,TweetyNet,1.2773610902039767,or60yw70,2012-09-30,0
none,0.9867115039564898,2.8227848101265822,0.8472416619021561,0.046901276001751195,600,7,TweetyNet,1.3288496043510234,or60yw70,2012-09-30,0
majority_vote,0.9856929937834737,1.8734177215189873,0.8248542424550812,0.03242963571151461,600,8,TweetyNet,1.4307006216526252,or60yw70,2012-09-30,0
min_segment_dur,0.9854485618105588,2.3797468354430378,0.8266000654022958,0.03284292373323088,600,8,TweetyNet,1.4551438189441157,or60yw70,2012-09-30,0
min_segment_dur_majority_vote,0.9858769921459258,0.46835443037974683,0.844842279998394,0.00820755453109089,600,8,TweetyNet,1.4123007854074165,or60yw70,2012-09-30,0
none,0.9852594988528827,3.8607594936708862,0.807091277323489,0.05812711338095748,600,8,TweetyNet,1.4740501147117335,or60yw70,2012-09-30,0
majority_vote,0.9863366147985619,1.8987341772151898,0.8430382095894589,0.030313116493575508,600,9,TweetyNet,1.366338520143806,or60yw70,2012-09-30,0
min_segment_dur,0.9862127224733875,1.8734177215189873,0.8469087513513439,0.02527299822976239,600,9,TweetyNet,1.3787277526612463,or60yw70,2012-09-30,0
min_segment_dur_majority_vote,0.9865007859928997,0.3291139240506329,0.8632441718895185,0.005507851577836863,600,9,TweetyNet,1.3499214007100302,or60yw70,2012-09-30,0
none,0.9860536418222662,3.5063291139240507,0.827281962568139,0.05086774043147062,600,9,TweetyNet,1.394635817773382,or60yw70,2012-09-30,0
majority_vote,0.9854561746386276,1.8734177215189873,0.8396440456818769,0.032204846660672054,600,10,TweetyNet,1.4543825361372442,or60yw70,2012-09-30,0
min_segment_dur,0.9851287278664221,1.8481012658227849,0.8356019506912619,0.02914259429366612,600,10,TweetyNet,1.4871272133577862,or60yw70,2012-09-30,0
min_segment_dur_majority_vote,0.9855432554874446,0.379746835443038,0.8565632989565858,0.0074894410486513715,600,10,TweetyNet,1.4456744512555408,or60yw70,2012-09-30,0
none,0.985041647017605,3.4177215189873418,0.8192698419898514,0.054824547797963225,600,10,TweetyNet,1.4958352982395007,or60yw70,2012-09-30,0
