cleanup,avg_acc,avg_levenshtein,avg_pct_boundary_err,avg_segment_error_rate,train_set_dur,replicate_num,model_name,avg_error,animal_id,train_set_dur_ind
majority_vote,0.9637088348414421,20.645299145299145,0.5711837272375054,0.06962830363018432,190,1,TweetyNet,3.6291165158557903,llb16,2
min_segment_dur,0.9633787096229319,35.4059829059829,0.5633010163476898,0.12638723113022218,190,1,TweetyNet,3.662129037706807,llb16,2
min_segment_dur_majority_vote,0.9637514315286676,20.247863247863247,0.5722024146775061,0.06781101372292392,190,1,TweetyNet,3.62485684713324,llb16,2
none,0.9633361129357059,36.256410256410255,0.562296617650869,0.12969199931034475,190,1,TweetyNet,3.666388706429413,llb16,2
majority_vote,0.9640652311808255,18.978632478632477,0.5650411249375071,0.06150766786224188,190,2,TweetyNet,3.5934768819174456,llb16,2
min_segment_dur,0.9637408747770094,30.884615384615383,0.5567538874347221,0.10340617421854832,190,2,TweetyNet,3.6259125222990574,llb16,2
min_segment_dur_majority_vote,0.964094665162122,18.77777777777778,0.5657537214316568,0.06068512744882356,190,2,TweetyNet,3.5905334837877945,llb16,2
none,0.9637114407957125,31.235042735042736,0.5560648317881755,0.10475928263445469,190,2,TweetyNet,3.628855920428753,llb16,2
majority_vote,0.9602044140853127,19.752136752136753,0.5375676549415938,0.06590569916373461,190,3,TweetyNet,3.979558591468735,llb16,2
min_segment_dur,0.9600352344914196,32.63247863247863,0.5339210630945967,0.107520696524399,190,3,TweetyNet,3.9964765508580413,llb16,2
min_segment_dur_majority_vote,0.9602292511437754,19.512820512820515,0.5382814983218347,0.06471113308885221,190,3,TweetyNet,3.977074885622456,llb16,2
none,0.9600103974329567,33.034188034188034,0.5332068546860108,0.10934304129029072,190,3,TweetyNet,3.9989602567043314,llb16,2
majority_vote,0.9519738542870628,29.025641025641026,0.49445787302868455,0.09316181842268226,190,4,TweetyNet,4.802614571293717,llb16,2
min_segment_dur,0.9512863922175592,46.52564102564103,0.4843284742170955,0.14941943952883438,190,4,TweetyNet,4.871360778244083,llb16,2
min_segment_dur_majority_vote,0.9519873750859091,28.816239316239315,0.49481398780599684,0.09220852800640793,190,4,TweetyNet,4.801262491409086,llb16,2
none,0.9512728714187126,46.86752136752137,0.4839818554160278,0.15083403100207143,190,4,TweetyNet,4.872712858128736,llb16,2
majority_vote,0.9603243984768991,22.833333333333332,0.5408267342162166,0.0735089319164971,190,5,TweetyNet,3.96756015231009,llb16,2
min_segment_dur,0.9602504278932835,37.42307692307692,0.5368074673859436,0.12231555521745276,190,5,TweetyNet,3.974957210671648,llb16,2
min_segment_dur_majority_vote,0.9603268501585174,22.799145299145298,0.5411557809849208,0.0732599188494567,190,5,TweetyNet,3.9673149841482624,llb16,2
none,0.9602479762116652,37.572649572649574,0.5364770942558958,0.12295017811285222,190,5,TweetyNet,3.9752023788334756,llb16,2
majority_vote,0.9610820807534052,22.555555555555557,0.5369819733261947,0.07517000097044518,190,6,TweetyNet,3.8917919246594823,llb16,2
min_segment_dur,0.9607562884153777,36.76495726495727,0.5300603910883712,0.12879750733443115,190,6,TweetyNet,3.9243711584622254,llb16,2
min_segment_dur_majority_vote,0.9611041436253941,22.29059829059829,0.5373661781624912,0.0736679028610838,190,6,TweetyNet,3.889585637460591,llb16,2
none,0.9607342255433886,37.06837606837607,0.5296985152610033,0.13041866410742484,190,6,TweetyNet,3.926577445661139,llb16,2
majority_vote,0.9637508751303068,18.84188034188034,0.5971419681802366,0.06406671393182094,190,7,TweetyNet,3.6249124869693228,llb16,2
min_segment_dur,0.9631385758730889,34.01282051282051,0.5819565900707669,0.11704734421934378,190,7,TweetyNet,3.686142412691107,llb16,2
min_segment_dur_majority_vote,0.9637582383406842,18.773504273504273,0.5976975079098652,0.06332497093306365,190,7,TweetyNet,3.6241761659315808,llb16,2
none,0.9631312126627122,34.20940170940171,0.5814267988026901,0.11819834599437315,190,7,TweetyNet,3.6868787337287823,llb16,2
majority_vote,0.9550466670264142,22.692307692307693,0.5439686174149813,0.07665846270499535,240,1,TweetyNet,4.495333297358584,llb16,3
min_segment_dur,0.9549621049789921,41.636752136752136,0.537214548287669,0.1396208103754873,240,1,TweetyNet,4.503789502100785,llb16,3
min_segment_dur_majority_vote,0.9550665703458427,22.487179487179485,0.5444177856444994,0.07560034111392694,240,1,TweetyNet,4.493342965415725,llb16,3
none,0.9549422016595637,41.93162393162393,0.53677160864919,0.14091506463927547,240,1,TweetyNet,4.505779834043633,llb16,3
majority_vote,0.9634734286306207,19.944444444444443,0.5548938740712493,0.0654067531423039,240,2,TweetyNet,3.6526571369379313,llb16,3
min_segment_dur,0.9631804752539399,30.73931623931624,0.5508004339107477,0.1053146487589018,240,2,TweetyNet,3.6819524746060095,llb16,3
min_segment_dur_majority_vote,0.9634788163076379,19.89316239316239,0.5551132476885494,0.06505130136955636,240,2,TweetyNet,3.6521183692362125,llb16,3
none,0.9631750875769228,30.88034188034188,0.5505766020008501,0.10593975444815927,240,2,TweetyNet,3.682491242307717,llb16,3
majority_vote,0.9643518358290362,18.017094017094017,0.573426680798309,0.05926545993225779,240,3,TweetyNet,3.5648164170963836,llb16,3
min_segment_dur,0.964087491569777,31.55982905982906,0.5664215614722087,0.10628673312546313,240,3,TweetyNet,3.591250843022298,llb16,3
min_segment_dur_majority_vote,0.9643632171763237,17.923076923076923,0.5737213424253271,0.05875317677697497,240,3,TweetyNet,3.5636782823676327,llb16,3
none,0.9640761102224895,31.78205128205128,0.5661645704945905,0.10717933299547046,240,3,TweetyNet,3.5923889777510487,llb16,3
majority_vote,0.9649298610426884,17.555555555555557,0.5622227314446907,0.060616349634486845,240,4,TweetyNet,3.507013895731159,llb16,3
min_segment_dur,0.9639753544331493,31.73931623931624,0.5433519058624756,0.11354146614799976,240,4,TweetyNet,3.60246455668507,llb16,3
min_segment_dur_majority_vote,0.9649436559902597,17.333333333333332,0.5627160762790613,0.05958938389787078,240,4,TweetyNet,3.5056344009740337,llb16,3
none,0.9639615594855774,32.05128205128205,0.5428693656796215,0.11483608529223041,240,4,TweetyNet,3.603844051442262,llb16,3
majority_vote,0.9666223773513016,18.32051282051282,0.536971483962298,0.06603421340454586,240,5,TweetyNet,3.337762264869837,llb16,3
min_segment_dur,0.9665402377767585,24.94017094017094,0.5337520258459916,0.0901538281892788,240,5,TweetyNet,3.345976222324154,llb16,3
min_segment_dur_majority_vote,0.9666285797709667,18.337606837606838,0.5374184641064242,0.06593353524247764,240,5,TweetyNet,3.3371420229033277,llb16,3
none,0.9665340353570938,25.034188034188034,0.5332988721089578,0.0906907979379015,240,5,TweetyNet,3.3465964642906187,llb16,3
majority_vote,0.9655905954125454,16.444444444444443,0.5725381781066652,0.05638007460470332,240,6,TweetyNet,3.440940458745456,llb16,3
min_segment_dur,0.9653424408747754,28.871794871794872,0.5680470921667714,0.09855336878319099,240,6,TweetyNet,3.4657559125224613,llb16,3
min_segment_dur_majority_vote,0.9656268855286618,16.0982905982906,0.5732481879151143,0.05473264876162863,240,6,TweetyNet,3.4373114471338173,llb16,3
none,0.9653061507586593,29.354700854700855,0.5673617121021115,0.10059303427047804,240,6,TweetyNet,3.469384924134067,llb16,3
majority_vote,0.9682731203741247,16.14957264957265,0.5785405922569904,0.05607962919184539,240,7,TweetyNet,3.172687962587528,llb16,3
min_segment_dur,0.9677004877699711,29.67094017094017,0.5636175884987398,0.1076564101426174,240,7,TweetyNet,3.2299512230028915,llb16,3
min_segment_dur_majority_vote,0.9683092715141381,15.876068376068377,0.5791070073252972,0.054858801208226664,240,7,TweetyNet,3.169072848586185,llb16,3
none,0.9676643366299577,30.141025641025642,0.5630868997549959,0.10955541601979275,240,7,TweetyNet,3.2335663370042345,llb16,3
majority_vote,0.9642027613873039,21.11111111111111,0.536977258141142,0.0711326133842105,300,1,TweetyNet,3.5797238612696125,llb16,4
min_segment_dur,0.9639518148663087,33.02991452991453,0.5298910967537133,0.10970179150088631,300,1,TweetyNet,3.6048185133691346,llb16,4
min_segment_dur_majority_vote,0.96424380930293,20.78205128205128,0.5377068508652728,0.06915796145595784,300,1,TweetyNet,3.5756190697070034,llb16,4
none,0.9639107669506833,33.52136752136752,0.529180737193944,0.11206587252017974,300,1,TweetyNet,3.608923304931666,llb16,4
majority_vote,0.9693982075766794,15.354700854700855,0.5716792739729454,0.05318246270606665,300,2,TweetyNet,3.0601792423320617,llb16,4
min_segment_dur,0.9688924422936357,24.914529914529915,0.560022795545406,0.08487202748429358,300,2,TweetyNet,3.110755770636431,llb16,4
min_segment_dur_majority_vote,0.9694144487205032,15.11965811965812,0.5723160084973821,0.05197866954201743,300,2,TweetyNet,3.0585551279496803,llb16,4
none,0.9688762011498124,25.226495726495727,0.5593998915654579,0.08631690871066205,300,2,TweetyNet,3.1123798850187567,llb16,4
majority_vote,0.9665107549921418,21.17094017094017,0.5645838511359772,0.07383569331066937,300,3,TweetyNet,3.3489245007858215,llb16,4
min_segment_dur,0.9661333365282176,30.807692307692307,0.5542665316972216,0.10779341326495388,300,3,TweetyNet,3.3866663471782354,llb16,4
min_segment_dur_majority_vote,0.9665348063054503,20.987179487179485,0.5651657998171495,0.07277170689221958,300,3,TweetyNet,3.34651936945497,llb16,4
none,0.9661092852149091,31.123931623931625,0.5536880848421972,0.10925000370357782,300,3,TweetyNet,3.389071478509087,llb16,4
majority_vote,0.9666099564647486,17.867521367521366,0.5514199633942733,0.06043006109096617,300,4,TweetyNet,3.3390043535251435,llb16,4
min_segment_dur,0.9663413944078635,27.615384615384617,0.5438713836298396,0.09426019035372823,300,4,TweetyNet,3.3658605592136515,llb16,4
min_segment_dur_majority_vote,0.9666237823281927,17.752136752136753,0.551977892937624,0.05958928825989028,300,4,TweetyNet,3.337621767180732,llb16,4
none,0.9663275685444193,27.927350427350426,0.5432990014257446,0.09593040341155837,300,4,TweetyNet,3.3672431455580742,llb16,4
majority_vote,0.9676177577545608,16.53846153846154,0.5847042004020891,0.05758823488038589,300,5,TweetyNet,3.2382242245439175,llb16,4
min_segment_dur,0.96731851707675,27.700854700854702,0.5788351406506314,0.09811676558806061,300,5,TweetyNet,3.2681482923250016,llb16,4
min_segment_dur_majority_vote,0.967631170808815,16.27777777777778,0.5851900107944092,0.056505306903362876,300,5,TweetyNet,3.2368829191185,llb16,4
none,0.9673051040224958,28.021367521367523,0.5783179496938173,0.09938919520235077,300,5,TweetyNet,3.269489597750419,llb16,4
majority_vote,0.969233543121929,13.64102564102564,0.6087702599670016,0.04768696498986968,300,6,TweetyNet,3.0766456878071002,llb16,4
min_segment_dur,0.9687371255097588,23.773504273504273,0.5927033273106088,0.08641695042730287,300,6,TweetyNet,3.1262874490241233,llb16,4
min_segment_dur_majority_vote,0.9692444044349472,13.606837606837606,0.6094719874765302,0.047566634392811835,300,6,TweetyNet,3.0755595565052807,llb16,4
none,0.9687262641967406,23.91025641025641,0.5920705857804518,0.08713006323262604,300,6,TweetyNet,3.127373580325943,llb16,4
majority_vote,0.9659055933584828,17.26068376068376,0.5628611023102073,0.05845618426816761,300,7,TweetyNet,3.4094406641517194,llb16,4
min_segment_dur,0.9655592812666682,30.44871794871795,0.5535250206827597,0.10544128826573293,300,7,TweetyNet,3.4440718733331765,llb16,4
min_segment_dur_majority_vote,0.9659192845532426,17.064102564102566,0.5632012592024499,0.05753794711643257,300,7,TweetyNet,3.4080715446757393,llb16,4
none,0.9655455900719084,30.743589743589745,0.553191281396125,0.10671742412819955,300,7,TweetyNet,3.4454409928091567,llb16,4
majority_vote,0.9685982568664856,16.034188034188034,0.5884331279855238,0.053357288464489734,360,1,TweetyNet,3.1401743133514404,llb16,5
min_segment_dur,0.9683187417718256,29.307692307692307,0.5838209754784754,0.09663257663682764,360,1,TweetyNet,3.168125822817436,llb16,5
min_segment_dur_majority_vote,0.9686078086834631,15.88888888888889,0.5888865829361728,0.052702822282508326,360,1,TweetyNet,3.139219131653692,llb16,5
none,0.9683091899548486,29.623931623931625,0.5833807482333035,0.09770582686820753,360,1,TweetyNet,3.1690810045151396,llb16,5
majority_vote,0.9678255814553095,15.666666666666666,0.5756968156544453,0.053644240534643506,360,2,TweetyNet,3.2174418544690497,llb16,5
min_segment_dur,0.9678555016678683,25.042735042735043,0.5741537146463555,0.08710571617210527,360,2,TweetyNet,3.2144498332131732,llb16,5
min_segment_dur_majority_vote,0.9678413915015911,15.495726495726496,0.576434190093548,0.052659448697615144,360,2,TweetyNet,3.2158608498408903,llb16,5
none,0.9678396916215863,25.294871794871796,0.5734259874751606,0.08835841072148082,360,2,TweetyNet,3.216030837841366,llb16,5
majority_vote,0.96921292320595,15.183760683760683,0.6156375977547517,0.05025296377058063,360,3,TweetyNet,3.0787076794050017,llb16,5
min_segment_dur,0.9688819462458268,22.688034188034187,0.6037036011788768,0.07907714925273997,360,3,TweetyNet,3.1118053754173203,llb16,5
min_segment_dur_majority_vote,0.9692283372207712,15.051282051282051,0.6163897501074109,0.04937711388538181,360,3,TweetyNet,3.0771662779228826,llb16,5
none,0.968866532231006,22.923076923076923,0.6030815610371777,0.08032164691959459,360,3,TweetyNet,3.113346776899395,llb16,5
majority_vote,0.9664636741491125,18.897435897435898,0.5862200412103425,0.06080890816450616,360,4,TweetyNet,3.3536325850887505,llb16,5
min_segment_dur,0.9660094853555773,33.96153846153846,0.5726833130527295,0.11416699333225268,360,4,TweetyNet,3.399051464442271,llb16,5
min_segment_dur_majority_vote,0.9664721721886026,18.863247863247864,0.5864802928386763,0.06045158049221852,360,4,TweetyNet,3.3527827811397404,llb16,5
none,0.9660009873160872,34.06837606837607,0.572438078129092,0.11473542023038505,360,4,TweetyNet,3.399901268391281,llb16,5
majority_vote,0.9640979206861511,18.5982905982906,0.5870911363946323,0.06035060043729421,360,5,TweetyNet,3.5902079313848922,llb16,5
min_segment_dur,0.9638649748660323,32.34188034188034,0.5774027282478323,0.1043654757443795,360,5,TweetyNet,3.6135025133967713,llb16,5
min_segment_dur_majority_vote,0.9641073368173522,18.504273504273506,0.5875162743893338,0.059833231497209836,360,5,TweetyNet,3.5892663182647833,llb16,5
none,0.9638555587348314,32.55555555555556,0.5769614484132962,0.10521233341649902,360,5,TweetyNet,3.614444126516858,llb16,5
majority_vote,0.9604522665106231,21.418803418803417,0.5845683938678132,0.06521416486656241,360,6,TweetyNet,3.95477334893769,llb16,5
min_segment_dur,0.959980677241185,34.56410256410256,0.571395058469761,0.1115991649895599,360,6,TweetyNet,4.0019322758815035,llb16,5
min_segment_dur_majority_vote,0.9604594954333033,21.38888888888889,0.5847754724106952,0.06496958460472191,360,6,TweetyNet,3.9540504566696666,llb16,5
none,0.9599734483185047,34.876068376068375,0.5711958066191111,0.11250836976292447,360,6,TweetyNet,4.002655168149527,llb16,5
majority_vote,0.9669873815994955,16.705128205128204,0.5655212985494733,0.05876966292805894,360,7,TweetyNet,3.301261840050451,llb16,5
min_segment_dur,0.9669617698353272,25.405982905982906,0.564096345931939,0.08913310651042441,360,7,TweetyNet,3.3038230164672777,llb16,5
min_segment_dur_majority_vote,0.9669999724006711,16.371794871794872,0.5661739381585343,0.05706097779362775,360,7,TweetyNet,3.300002759932885,llb16,5
none,0.9669491790341513,25.833333333333332,0.5634260762566992,0.09111091723042303,360,7,TweetyNet,3.305082096584866,llb16,5
majority_vote,0.9707466114176807,15.517094017094017,0.588837877927103,0.05408784382784818,420,1,TweetyNet,2.9253388582319295,llb16,6
min_segment_dur,0.9705913157708884,27.512820512820515,0.5791236960677294,0.09729901759995016,420,1,TweetyNet,2.940868422911158,llb16,6
min_segment_dur_majority_vote,0.9707855437254265,15.034188034188034,0.5899593199146871,0.05181016560118584,420,1,TweetyNet,2.921445627457353,llb16,6
none,0.9705523834631427,28.10683760683761,0.5780787316284888,0.09993026551040901,420,1,TweetyNet,2.9447616536857346,llb16,6
majority_vote,0.9659952466833944,17.632478632478634,0.5513202074912608,0.061488636413638074,420,2,TweetyNet,3.4004753316605574,llb16,6
min_segment_dur,0.9656143891966193,26.863247863247864,0.5418056676922076,0.09402810674019674,420,2,TweetyNet,3.438561080338065,llb16,6
min_segment_dur_majority_vote,0.9660257561431207,17.38034188034188,0.5521591125665718,0.06001729957071494,420,2,TweetyNet,3.3974243856879305,llb16,6
none,0.9655838797368939,27.23931623931624,0.5409885451935617,0.09592216440930537,420,2,TweetyNet,3.4416120263106142,llb16,6
majority_vote,0.9657660053142487,15.188034188034187,0.5530097206832566,0.05365593777101165,420,3,TweetyNet,3.423399468575128,llb16,6
min_segment_dur,0.9659303643083418,26.004273504273506,0.5478841822023454,0.09354122412433998,420,3,TweetyNet,3.4069635691658218,llb16,6
min_segment_dur_majority_vote,0.9657945819605872,14.961538461538462,0.5536457631111776,0.052220838177775473,420,3,TweetyNet,3.4205418039412794,llb16,6
none,0.9659017876620035,26.34188034188034,0.547257203269539,0.09536639739731115,420,3,TweetyNet,3.409821233799648,llb16,6
majority_vote,0.9694257302708449,14.957264957264957,0.586133135501812,0.05240188626834604,420,4,TweetyNet,3.0574269729155112,llb16,6
min_segment_dur,0.9694015974465503,23.021367521367523,0.5839566382284482,0.08188152826769704,420,4,TweetyNet,3.05984025534497,llb16,6
min_segment_dur_majority_vote,0.9694584043444525,14.739316239316238,0.5867109812752526,0.0514333162415924,420,4,TweetyNet,3.054159565554748,llb16,6
none,0.9693689233729426,23.4017094017094,0.5833722320458469,0.08337625168448087,420,4,TweetyNet,3.063107662705744,llb16,6
majority_vote,0.9525948687511282,27.833333333333332,0.5313322880794507,0.08897434494973447,420,5,TweetyNet,4.74051312488718,llb16,6
min_segment_dur,0.9524350081343715,46.06837606837607,0.5267400938306265,0.14703026350400736,420,5,TweetyNet,4.756499186562846,llb16,6
min_segment_dur_majority_vote,0.9525953333351705,27.863247863247864,0.5316223398628666,0.08893326864316888,420,5,TweetyNet,4.740466666482945,llb16,6
none,0.9524345435503296,46.23931623931624,0.5264511064188175,0.1477831172799783,420,5,TweetyNet,4.756545644967036,llb16,6
majority_vote,0.966385730070888,16.811965811965813,0.589444401970809,0.055878648359811954,420,6,TweetyNet,3.3614269929111984,llb16,6
min_segment_dur,0.96612587793854,28.14957264957265,0.5836488642292481,0.09403865717272313,420,6,TweetyNet,3.387412206146001,llb16,6
min_segment_dur_majority_vote,0.9663887284907322,16.76923076923077,0.5899416090530004,0.0553612540718448,420,6,TweetyNet,3.3611271509267793,llb16,6
none,0.9661228795186955,28.333333333333332,0.5831937461645681,0.09495462764444049,420,6,TweetyNet,3.3877120481304535,llb16,6
majority_vote,0.9630360638964451,19.35042735042735,0.548538757315542,0.061974361462810795,420,7,TweetyNet,3.696393610355486,llb16,6
min_segment_dur,0.9629253007047086,32.452991452991455,0.5425078966226514,0.10787285797719541,420,7,TweetyNet,3.707469929529139,llb16,6
min_segment_dur_majority_vote,0.963032460189297,19.337606837606838,0.5487780946691218,0.061718714562546684,420,7,TweetyNet,3.6967539810703,llb16,6
none,0.962928904411857,32.572649572649574,0.5422706331091882,0.10842123835113858,420,7,TweetyNet,3.7071095588143033,llb16,6
majority_vote,0.9618149050822729,20.521367521367523,0.5747858808058002,0.06622377251302246,480,1,TweetyNet,3.8185094917727147,llb16,7
min_segment_dur,0.9619084016967391,32.0940170940171,0.5737337083353147,0.1056859482837999,480,1,TweetyNet,3.809159830326092,llb16,7
min_segment_dur_majority_vote,0.961811744155874,20.5,0.5750049458189144,0.06593873428343933,480,1,TweetyNet,3.8188255844125996,llb16,7
none,0.9619115626231384,32.22649572649573,0.5735035320521855,0.10631524612873137,480,1,TweetyNet,3.808843737686163,llb16,7
majority_vote,0.9550117903818331,25.068376068376068,0.5656235223790543,0.07798501754624401,480,2,TweetyNet,4.498820961816685,llb16,7
min_segment_dur,0.9548427807360362,39.11965811965812,0.5630943058724995,0.12082763864959649,480,2,TweetyNet,4.515721926396377,llb16,7
min_segment_dur_majority_vote,0.9550083196335799,24.935897435897434,0.5659420515029421,0.07748865853650137,480,2,TweetyNet,4.4991680366420095,llb16,7
none,0.95484625148429,39.414529914529915,0.5627692398657762,0.12182405395937505,480,2,TweetyNet,4.515374851570996,llb16,7
majority_vote,0.965213610856187,16.700854700854702,0.5789926625084911,0.056060628005280395,480,3,TweetyNet,3.4786389143813046,llb16,7
min_segment_dur,0.9653564711801054,25.67094017094017,0.5782489297897744,0.08896700702594426,480,3,TweetyNet,3.464352881989463,llb16,7
min_segment_dur_majority_vote,0.965219649379564,16.60683760683761,0.5793827974470963,0.05557420396818436,480,3,TweetyNet,3.478035062043605,llb16,7
none,0.9653504326567284,25.858974358974358,0.5778565439712694,0.08970169330042742,480,3,TweetyNet,3.4649567343271626,llb16,7
majority_vote,0.9620488278021991,20.987179487179485,0.5911326659661009,0.06668554385096666,480,4,TweetyNet,3.7951172197800864,llb16,7
min_segment_dur,0.9624283970001624,35.534188034188034,0.5846000911040583,0.11858177246269315,480,4,TweetyNet,3.757160299983764,llb16,7
min_segment_dur_majority_vote,0.9620633040335824,20.95299145299145,0.5914606304463392,0.06619774279183689,480,4,TweetyNet,3.7936695966417577,llb16,7
none,0.9624139207687791,35.68803418803419,0.5842822554203428,0.1194388809583764,480,4,TweetyNet,3.7586079231220926,llb16,7
majority_vote,0.9664743662913473,17.914529914529915,0.5806095473659685,0.05710517288916181,480,5,TweetyNet,3.352563370865269,llb16,7
min_segment_dur,0.9660532878735785,28.636752136752136,0.5727003187428867,0.09659830889328654,480,5,TweetyNet,3.394671212642153,llb16,7
min_segment_dur_majority_vote,0.9664820419454253,17.854700854700855,0.580964705257254,0.056594271862436714,480,5,TweetyNet,3.3517958054574692,llb16,7
none,0.9660456122195004,28.794871794871796,0.5723473725657149,0.09738038180165326,480,5,TweetyNet,3.395438778049964,llb16,7
majority_vote,0.9555511129416849,21.84188034188034,0.583901654017549,0.0706363619215082,480,6,TweetyNet,4.444888705831507,llb16,7
min_segment_dur,0.9554740395967588,38.824786324786324,0.5746694046516345,0.12706441350949263,480,6,TweetyNet,4.452596040324119,llb16,7
min_segment_dur_majority_vote,0.955563756137773,21.77777777777778,0.5843881589286076,0.07013531174357766,480,6,TweetyNet,4.4436243862227,llb16,7
none,0.9554613964006704,39.042735042735046,0.5741725967458253,0.1279566975801323,480,6,TweetyNet,4.45386035993296,llb16,7
majority_vote,0.9608632452028203,22.200854700854702,0.5324346672462898,0.07205832014627266,480,7,TweetyNet,3.9136754797179707,llb16,7
min_segment_dur,0.960731106245891,39.57692307692308,0.5297321254204949,0.13248396087923536,480,7,TweetyNet,3.9268893754109024,llb16,7
min_segment_dur_majority_vote,0.9608692839075055,22.192307692307693,0.5326245740100849,0.07188143286130703,480,7,TweetyNet,3.913071609249452,llb16,7
none,0.9607250675412055,39.72222222222222,0.5295544510263702,0.1330120164268554,480,7,TweetyNet,3.9274932458794543,llb16,7
majority_vote,0.9716689301750633,14.521367521367521,0.6133338200406733,0.04998512296963409,540,1,TweetyNet,2.8331069824936717,llb16,8
min_segment_dur,0.9712014149532285,23.927350427350426,0.5968255680497312,0.0837470244661788,540,1,TweetyNet,2.8798585046771463,llb16,8
min_segment_dur_majority_vote,0.9717075812057063,14.264957264957266,0.6146628316193904,0.048717331207354296,540,1,TweetyNet,2.8292418794293672,llb16,8
none,0.9711627639225854,24.34188034188034,0.595556903940038,0.08566080966946407,540,1,TweetyNet,2.883723607741462,llb16,8
majority_vote,0.9727640863706585,11.914529914529915,0.6323824759203225,0.0402072838462683,540,2,TweetyNet,2.7235913629341524,llb16,8
min_segment_dur,0.9726161588639968,20.05128205128205,0.6250793287540753,0.07246319034918172,540,2,TweetyNet,2.738384113600323,llb16,8
min_segment_dur_majority_vote,0.9727726463781604,11.85897435897436,0.6325761070164515,0.03977357680011873,540,2,TweetyNet,2.722735362183959,llb16,8
none,0.9726075988564948,20.196581196581196,0.6248576544969819,0.07323831457662927,540,2,TweetyNet,2.7392401143505163,llb16,8
majority_vote,0.9684201440153365,16.435897435897434,0.5623831045153089,0.055197288045014205,540,3,TweetyNet,3.1579855984663507,llb16,8
min_segment_dur,0.9686536688361953,28.05128205128205,0.5599105307038753,0.09896014032223494,540,3,TweetyNet,3.1346331163804697,llb16,8
min_segment_dur_majority_vote,0.9684359259928512,16.20940170940171,0.5628402216517273,0.05417584019998985,540,3,TweetyNet,3.156407400714878,llb16,8
none,0.9686378868586804,28.39316239316239,0.559444974193002,0.10050203328004496,540,3,TweetyNet,3.1362113141319647,llb16,8
majority_vote,0.9712522838740949,14.448717948717949,0.6068892362821671,0.0489831764950774,540,4,TweetyNet,2.87477161259051,llb16,8
min_segment_dur,0.9712634524765613,23.854700854700855,0.6055706140319795,0.0827821103783462,540,4,TweetyNet,2.8736547523438682,llb16,8
min_segment_dur_majority_vote,0.9712547475136312,14.32905982905983,0.6073015230194121,0.048401500292092094,540,4,TweetyNet,2.8745252486368833,llb16,8
none,0.9712609888370253,24.02991452991453,0.6051396330075207,0.08357686810380369,540,4,TweetyNet,2.8739011162974726,llb16,8
majority_vote,0.9707427305219036,15.367521367521368,0.5957948299807909,0.051660750934681594,540,5,TweetyNet,2.925726947809637,llb16,8
min_segment_dur,0.9707748855162209,24.568376068376068,0.589426624241423,0.08740015867082619,540,5,TweetyNet,2.922511448377907,llb16,8
min_segment_dur_majority_vote,0.970764305730602,15.128205128205128,0.5964637207807157,0.05065519374706621,540,5,TweetyNet,2.9235694269397983,llb16,8
none,0.9707533103075223,24.88034188034188,0.5888118997901051,0.08867524955458408,540,5,TweetyNet,2.924668969247768,llb16,8
majority_vote,0.9702872974133073,14.38888888888889,0.614789990177404,0.047692759824852306,540,6,TweetyNet,2.9712702586692674,llb16,8
min_segment_dur,0.9703474685815063,23.264957264957264,0.6078973384328874,0.08089869049174381,540,6,TweetyNet,2.9652531418493666,llb16,8
min_segment_dur_majority_vote,0.9702999386391641,14.239316239316238,0.6153058156828614,0.04693064099625858,540,6,TweetyNet,2.9700061360835917,llb16,8
none,0.9703348273556496,23.504273504273506,0.6073605458607165,0.08196420430274147,540,6,TweetyNet,2.9665172644350424,llb16,8
majority_vote,0.9697538173932263,15.901709401709402,0.6020663911305596,0.0529103201929835,540,7,TweetyNet,3.0246182606773697,llb16,8
min_segment_dur,0.9697858055317762,24.474358974358974,0.6003520896393301,0.08129741005441464,540,7,TweetyNet,3.021419446822382,llb16,8
min_segment_dur_majority_vote,0.9697654809396835,15.649572649572649,0.6026994211763225,0.051660612893561886,540,7,TweetyNet,3.023451906031649,llb16,8
none,0.9697741419853192,24.82051282051282,0.5997195665801753,0.08279835235358787,540,7,TweetyNet,3.0225858014680806,llb16,8
majority_vote,0.9707152743981476,14.303418803418804,0.6127670144612023,0.05014743513278742,600,1,TweetyNet,2.9284725601852357,llb16,9
min_segment_dur,0.9707206956169946,22.35042735042735,0.610631934904363,0.07895719643741601,600,1,TweetyNet,2.927930438300541,llb16,9
min_segment_dur_majority_vote,0.9707203707557245,14.260683760683762,0.6130590119247177,0.04987075625523701,600,1,TweetyNet,2.927962924427552,llb16,9
none,0.970715599259418,22.46153846153846,0.6103443852881542,0.07940978863829852,600,1,TweetyNet,2.928440074058203,llb16,9
majority_vote,0.9709201172529464,14.41025641025641,0.6078084602541326,0.04886200009366311,600,2,TweetyNet,2.9079882747053643,llb16,9
min_segment_dur,0.9706157651164815,25.713675213675213,0.6020158883319894,0.08399236405472305,600,2,TweetyNet,2.938423488351849,llb16,9
min_segment_dur_majority_vote,0.9709484695334266,14.008547008547009,0.6087768081914442,0.04719751300598029,600,2,TweetyNet,2.9051530466573383,llb16,9
none,0.9705874128360009,26.29059829059829,0.6010585743232871,0.08613518686722872,600,2,TweetyNet,2.941258716399908,llb16,9
majority_vote,0.9583645822200496,22.50854700854701,0.5874615687745255,0.06865215608873533,600,3,TweetyNet,4.163541777995039,llb16,9
min_segment_dur,0.9587174732001554,35.20940170940171,0.5915806677861178,0.10982483492649342,600,3,TweetyNet,4.128252679984456,llb16,9
min_segment_dur_majority_vote,0.9583561669362987,22.32051282051282,0.5877390363749669,0.06798134639531142,600,3,TweetyNet,4.164383306370134,llb16,9
none,0.9587258884839067,35.65384615384615,0.5911378357457753,0.11163126191525909,600,3,TweetyNet,4.127411151609328,llb16,9
majority_vote,0.9659869079136638,17.50854700854701,0.6054930186240312,0.056944591639885564,600,4,TweetyNet,3.4013092086336183,llb16,9
min_segment_dur,0.9655973066138294,28.76068376068376,0.6047500200548991,0.0936231651650496,600,4,TweetyNet,3.4402693386170635,llb16,9
min_segment_dur_majority_vote,0.9659977725072976,17.38888888888889,0.6059321354565163,0.05617861196295633,600,4,TweetyNet,3.400222749270243,llb16,9
none,0.9655864420201957,29.021367521367523,0.6043138399508289,0.09476938902331637,600,4,TweetyNet,3.4413557979804277,llb16,9
majority_vote,0.9726999375195622,12.662393162393162,0.6264573660615661,0.04407544897060986,600,5,TweetyNet,2.7300062480437814,llb16,9
min_segment_dur,0.9727035017595659,21.91025641025641,0.6240858990303079,0.07782591035639737,600,5,TweetyNet,2.729649824043412,llb16,9
min_segment_dur_majority_vote,0.972734000684367,12.474358974358974,0.6275555649867499,0.04286132416641782,600,5,TweetyNet,2.7265999315633005,llb16,9
none,0.9726694385947611,22.243589743589745,0.6229932060844421,0.07951832215532392,600,5,TweetyNet,2.733056140523893,llb16,9
majority_vote,0.9722515731879028,12.132478632478632,0.6244170475734137,0.04135672677049969,600,6,TweetyNet,2.7748426812097216,llb16,9
min_segment_dur,0.9719954117222858,20.52991452991453,0.6201215642372314,0.0722909349448109,600,6,TweetyNet,2.8004588277714237,llb16,9
min_segment_dur_majority_vote,0.9722647104751517,11.97008547008547,0.6249356643257499,0.040647837047802254,600,6,TweetyNet,2.7735289524848272,llb16,9
none,0.9719822744350367,20.824786324786324,0.6195931705315085,0.07338715874341524,600,6,TweetyNet,2.801772556496329,llb16,9
majority_vote,0.9725666762263757,12.777777777777779,0.6252167719155145,0.04523359794939542,600,7,TweetyNet,2.7433323773624285,llb16,9
min_segment_dur,0.9727075382724398,21.858974358974358,0.6239139291248473,0.08068805426982253,600,7,TweetyNet,2.729246172756017,llb16,9
min_segment_dur_majority_vote,0.9725824467178193,12.525641025641026,0.6258406687443278,0.044155025684419445,600,7,TweetyNet,2.741755328218065,llb16,9
none,0.972691767780996,22.166666666666668,0.6232831651392491,0.08203885424751364,600,7,TweetyNet,2.7308232219004025,llb16,9
majority_vote,0.9713891359515349,13.444444444444445,0.5927690526110097,0.04771449379737007,660,1,TweetyNet,2.8610864048465134,llb16,10
min_segment_dur,0.9713469255882478,22.70940170940171,0.5961379615467383,0.0811520126748201,660,1,TweetyNet,2.8653074411752244,llb16,10
min_segment_dur_majority_vote,0.9714133285590586,13.196581196581196,0.5934333435250289,0.046612451344234036,660,1,TweetyNet,2.8586671440941402,llb16,10
none,0.9713227329807242,23.034188034188034,0.5954888468643961,0.08247359407766983,660,1,TweetyNet,2.8677267019275754,llb16,10
majority_vote,0.9715690697283168,14.521367521367521,0.6114585817329431,0.0491628481992252,660,2,TweetyNet,2.8430930271683197,llb16,10
min_segment_dur,0.9716576253231168,20.70940170940171,0.6083860294484849,0.07087518421314513,660,2,TweetyNet,2.8342374676883164,llb16,10
min_segment_dur_majority_vote,0.9715782038927153,14.350427350427351,0.6121554568427904,0.047931831207106486,660,2,TweetyNet,2.842179610728468,llb16,10
none,0.9716484911587183,20.987179487179485,0.6077135071603604,0.07235318034580329,660,2,TweetyNet,2.835150884128168,llb16,10
majority_vote,0.9594636428367737,20.358974358974358,0.5825094182892071,0.06600529629208823,660,3,TweetyNet,4.053635716322635,llb16,10
min_segment_dur,0.9594395366177406,41.26068376068376,0.5800429276069508,0.13137171531668562,660,3,TweetyNet,4.056046338225938,llb16,10
min_segment_dur_majority_vote,0.959463970885019,20.346153846153847,0.5826957060752084,0.06590295787870966,660,3,TweetyNet,4.0536029114981,llb16,10
none,0.959439208569495,41.41025641025641,0.5798433485105252,0.13185924098779614,660,3,TweetyNet,4.0560791430504946,llb16,10
majority_vote,0.9720413748336202,13.816239316239317,0.62508016159624,0.04587865386874119,660,4,TweetyNet,2.7958625166379814,llb16,10
min_segment_dur,0.9721616061211449,20.41025641025641,0.6245836173512007,0.06851197872125397,660,4,TweetyNet,2.7838393878855117,llb16,10
min_segment_dur_majority_vote,0.9720556057988275,13.713675213675213,0.6255814123531442,0.04509690166458753,660,4,TweetyNet,2.794439420117245,llb16,10
none,0.9721473751559375,20.572649572649574,0.624061648475474,0.06955304169307533,660,4,TweetyNet,2.785262484406248,llb16,10
majority_vote,0.9713690370950229,13.166666666666666,0.615020866998629,0.044392788925229666,660,5,TweetyNet,2.863096290497713,llb16,10
min_segment_dur,0.971552443102174,20.794871794871796,0.6193858779781066,0.0718020535816048,660,5,TweetyNet,2.8447556897825965,llb16,10
min_segment_dur_majority_vote,0.9713720465226261,13.021367521367521,0.6153443661624023,0.04383985265966807,660,5,TweetyNet,2.86279534773739,llb16,10
none,0.9715494336745708,20.982905982905983,0.6190520307239629,0.07248049430345468,660,5,TweetyNet,2.8450566325429194,llb16,10
majority_vote,0.9704344441612017,14.735042735042734,0.6020844363679494,0.051046067541272236,660,6,TweetyNet,2.9565555838798274,llb16,10
min_segment_dur,0.9702072055519988,25.068376068376068,0.5912603095982558,0.08857597521059828,660,6,TweetyNet,2.9792794448001203,llb16,10
min_segment_dur_majority_vote,0.9704620205954279,14.435897435897436,0.6025860936397343,0.04961974180579707,660,6,TweetyNet,2.9537979404572146,llb16,10
none,0.9701796291177728,25.50854700854701,0.5907871001936974,0.09048648423015704,660,6,TweetyNet,2.982037088222722,llb16,10
majority_vote,0.9736235743332932,12.012820512820513,0.6375262034441884,0.04157585324290359,660,7,TweetyNet,2.6376425666706838,llb16,10
min_segment_dur,0.9735538690729049,19.076923076923077,0.6307359738931383,0.06862555210715164,660,7,TweetyNet,2.6446130927095135,llb16,10
min_segment_dur_majority_vote,0.9736446906997062,11.824786324786325,0.6379822500692406,0.040669122791630485,660,7,TweetyNet,2.635530930029384,llb16,10
none,0.9735327527064918,19.346153846153847,0.6302544411086458,0.06978147230259105,660,7,TweetyNet,2.6467247293508245,llb16,10
majority_vote,0.9246771274362798,13.73671497584541,0.5354286631790715,0.09593430851908732,120,1,TweetyNet,7.532287256372017,llb3,0
min_segment_dur,0.921890813595451,25.297101449275363,0.5124078902638153,0.1916837572065505,120,1,TweetyNet,7.810918640454901,llb3,0
min_segment_dur_majority_vote,0.9247392100079108,13.533816425120772,0.536769929023063,0.0936557955061058,120,1,TweetyNet,7.526078999208918,llb3,0
none,0.9218287310238206,25.659420289855074,0.5112989509796987,0.1949381442188137,120,1,TweetyNet,7.817126897617943,llb3,0
majority_vote,0.9484731569137886,6.891304347826087,0.7169446369719152,0.06225557567698239,120,2,TweetyNet,5.1526843086211365,llb3,0
min_segment_dur,0.9463907309928475,16.02415458937198,0.6848264516905986,0.1469453122483567,120,2,TweetyNet,5.360926900715246,llb3,0
min_segment_dur_majority_vote,0.9486225121771106,6.456521739130435,0.7199506619858048,0.05658078179889764,120,2,TweetyNet,5.137748782288942,llb3,0
none,0.9462413757295257,16.528985507246375,0.6824572218957421,0.15297092916009694,120,2,TweetyNet,5.375862427047428,llb3,0
majority_vote,0.9385098127783443,8.577294685990339,0.6674330520462279,0.0757113281544772,120,3,TweetyNet,6.149018722165566,llb3,0
min_segment_dur,0.9352132323030329,17.352657004830917,0.638277079335444,0.15433259135892788,120,3,TweetyNet,6.478676769696712,llb3,0
min_segment_dur_majority_vote,0.9385922162217472,8.364734299516908,0.6705080678620058,0.06934151742827042,120,3,TweetyNet,6.140778377825285,llb3,0
none,0.9351308288596307,17.652173913043477,0.6368147216300265,0.16138237591577134,120,3,TweetyNet,6.4869171140369275,llb3,0
majority_vote,0.9461163385838537,6.388888888888889,0.6862775255833166,0.0594591088566472,120,4,TweetyNet,5.388366141614631,llb3,0
min_segment_dur,0.9451542814622476,14.458937198067632,0.669207144339877,0.1327461667914817,120,4,TweetyNet,5.484571853775244,llb3,0
min_segment_dur_majority_vote,0.9462344230478282,6.07487922705314,0.6899518935770496,0.053691932397434285,120,4,TweetyNet,5.376557695217176,llb3,0
none,0.9450361969982729,14.83816425120773,0.6655802269817718,0.1389365239067033,120,4,TweetyNet,5.49638030017271,llb3,0
majority_vote,0.9378075992529435,7.318840579710145,0.728375954189492,0.06122552950089112,120,5,TweetyNet,6.219240074705645,llb3,0
min_segment_dur,0.9351889824325293,16.541062801932366,0.6966757981957921,0.1373156509327525,120,5,TweetyNet,6.481101756747066,llb3,0
min_segment_dur_majority_vote,0.9378823551596126,6.990338164251208,0.730457292095444,0.0557864080704668,120,5,TweetyNet,6.21176448403874,llb3,0
none,0.9351142265258607,16.95169082125604,0.6946812616279346,0.14344206779573515,120,5,TweetyNet,6.488577347413926,llb3,0
majority_vote,0.9478737373256706,8.340579710144928,0.6893831226116592,0.07151383551298726,120,6,TweetyNet,5.21262626743294,llb3,0
min_segment_dur,0.9465250314818298,18.082125603864736,0.662873009568997,0.15457673409868544,120,6,TweetyNet,5.347496851817024,llb3,0
min_segment_dur_majority_vote,0.9479816552696846,7.838164251207729,0.691798303039139,0.0648090821043954,120,6,TweetyNet,5.201834473031541,llb3,0
none,0.9464171135378149,18.620772946859905,0.6606283712033592,0.16159112770545894,120,6,TweetyNet,5.3582886462185115,llb3,0
majority_vote,0.943919820984621,7.427536231884058,0.6886180005707079,0.0733779515875663,120,7,TweetyNet,5.608017901537899,llb3,0
min_segment_dur,0.9412948163484596,17.28985507246377,0.6542695541576192,0.16924677451562928,120,7,TweetyNet,5.870518365154043,llb3,0
min_segment_dur_majority_vote,0.9440258734941267,7.041062801932367,0.6910806044268041,0.06646673766087353,120,7,TweetyNet,5.59741265058733,llb3,0
none,0.9411887638389532,17.72463768115942,0.6523881630244546,0.17655564135932678,120,7,TweetyNet,5.881123616104677,llb3,0
majority_vote,0.9511345138560526,6.386473429951691,0.747780716912968,0.057801951418363424,180,1,TweetyNet,4.886548614394737,llb3,1
min_segment_dur,0.9501186856016162,12.492753623188406,0.7157254699729513,0.11342480279439303,180,1,TweetyNet,4.988131439838384,llb3,1
min_segment_dur_majority_vote,0.9511574893410307,6.285024154589372,0.7482189165263654,0.055680624183445104,180,1,TweetyNet,4.884251065896928,llb3,1
none,0.9500957101166392,12.644927536231885,0.7153005125577436,0.11601469340036594,180,1,TweetyNet,4.990428988336082,llb3,1
majority_vote,0.9484947165591027,6.449275362318841,0.6989567809608094,0.071804042944965,180,2,TweetyNet,5.150528344089733,llb3,1
min_segment_dur,0.9467311872308516,12.830917874396135,0.6705649898330576,0.13206246651708176,180,2,TweetyNet,5.3268812769148415,llb3,1
min_segment_dur_majority_vote,0.9486035575150031,6.067632850241546,0.7015176792785052,0.06665871228457419,180,2,TweetyNet,5.139644248499686,llb3,1
none,0.9466223462749508,13.27536231884058,0.6682642860535243,0.13762213449403046,180,2,TweetyNet,5.337765372504921,llb3,1
majority_vote,0.9545830601435363,5.879227053140097,0.7506814081938674,0.05748833971932688,180,3,TweetyNet,4.541693985646367,llb3,1
min_segment_dur,0.9535224679787645,13.135265700483092,0.7268728711603885,0.10161421497576494,180,3,TweetyNet,4.64775320212355,llb3,1
min_segment_dur_majority_vote,0.9547152921409126,5.357487922705314,0.75491616175435,0.04736903440215022,180,3,TweetyNet,4.528470785908745,llb3,1
none,0.9533902359813873,13.690821256038648,0.7237472986989685,0.11191953438273392,180,3,TweetyNet,4.660976401861272,llb3,1
majority_vote,0.9487803088426301,7.615942028985507,0.7021120322161135,0.06887781903585288,180,4,TweetyNet,5.121969115736991,llb3,1
min_segment_dur,0.9471614518063828,13.166666666666666,0.6739824037097237,0.11379794944340263,180,4,TweetyNet,5.283854819361721,llb3,1
min_segment_dur_majority_vote,0.9488657459884916,7.408212560386473,0.704784739483581,0.06244448918645033,180,4,TweetyNet,5.11342540115084,llb3,1
none,0.9470760146605209,13.42512077294686,0.6726216291398706,0.12048486160715592,180,4,TweetyNet,5.292398533947907,llb3,1
majority_vote,0.9393395323051711,8.570048309178745,0.7103236322339884,0.06481286794861171,180,5,TweetyNet,6.066046769482892,llb3,1
min_segment_dur,0.9375880861083091,18.664251207729468,0.6907535407460546,0.14066499666881468,180,5,TweetyNet,6.241191389169087,llb3,1
min_segment_dur_majority_vote,0.9394851417354965,7.7898550724637685,0.7126387947278559,0.058233851873982195,180,5,TweetyNet,6.051485826450353,llb3,1
none,0.9374424766779837,19.63768115942029,0.6887858569453628,0.14828542393146052,180,5,TweetyNet,6.2557523322016255,llb3,1
majority_vote,0.9538496670545548,7.466183574879227,0.7387867098855697,0.08940076041530573,180,6,TweetyNet,4.615033294544524,llb3,1
min_segment_dur,0.9521990814938693,14.777777777777779,0.7188330211249605,0.1589015594011057,180,6,TweetyNet,4.780091850613067,llb3,1
min_segment_dur_majority_vote,0.9540360131942923,6.413043478260869,0.7426798380023045,0.07319699102932116,180,6,TweetyNet,4.596398680570768,llb3,1
none,0.9520127353541321,15.91304347826087,0.7154311226246162,0.1756129581064197,180,6,TweetyNet,4.798726464586789,llb3,1
majority_vote,0.9489711241694412,7.4227053140096615,0.7348441403299412,0.05667320743219546,180,7,TweetyNet,5.102887583055882,llb3,1
min_segment_dur,0.9477896632756164,13.323671497584542,0.7107042564349187,0.10401365565008003,180,7,TweetyNet,5.221033672438358,llb3,1
min_segment_dur_majority_vote,0.9490390192263181,7.200483091787439,0.7360057056843002,0.05392242983573091,180,7,TweetyNet,5.096098077368194,llb3,1
none,0.9477217682187394,13.58937198067633,0.7096073503404562,0.10718328729997723,180,7,TweetyNet,5.227823178126057,llb3,1
majority_vote,0.952215316453308,7.456521739130435,0.7325155061231609,0.055027481839558356,240,1,TweetyNet,4.778468354669196,llb3,3
min_segment_dur,0.9512092680172981,11.789855072463768,0.7118039960466159,0.08155678142739789,240,1,TweetyNet,4.87907319827019,llb3,3
min_segment_dur_majority_vote,0.9523677058806643,7.108695652173913,0.7378531690159044,0.04933630418545898,240,1,TweetyNet,4.763229411933567,llb3,3
none,0.9510568785899417,12.193236714975846,0.706912098938325,0.08837431785276058,240,1,TweetyNet,4.89431214100583,llb3,3
majority_vote,0.9506682677604418,5.280193236714976,0.7386752864257435,0.05612056416182096,240,2,TweetyNet,4.933173223955823,llb3,3
min_segment_dur,0.9495710661775233,11.181159420289855,0.7073021948411431,0.11908613148398603,240,2,TweetyNet,5.042893382247671,llb3,3
min_segment_dur_majority_vote,0.9507538359193917,5.0603864734299515,0.7407432180384046,0.05239016262794597,240,2,TweetyNet,4.9246164080608335,llb3,3
none,0.9494854980185736,11.427536231884059,0.7053777819113768,0.12297366111108111,240,2,TweetyNet,5.051450198142637,llb3,3
majority_vote,0.9520678607941445,6.2898550724637685,0.7381286889244616,0.06969675519254698,240,3,TweetyNet,4.793213920585549,llb3,3
min_segment_dur,0.9505848026835583,13.31159420289855,0.7154075476530423,0.139738424222032,240,3,TweetyNet,4.941519731644172,llb3,3
min_segment_dur_majority_vote,0.9521590904603934,5.9396135265700485,0.7400637316107432,0.06351967709681289,240,3,TweetyNet,4.784090953960662,llb3,3
none,0.9504935730173101,13.695652173913043,0.7137754307376055,0.14645318012026717,240,3,TweetyNet,4.950642698268992,llb3,3
majority_vote,0.9566389539125063,4.654589371980676,0.7545473964850143,0.04807343730774775,240,4,TweetyNet,4.33610460874937,llb3,3
min_segment_dur,0.9554926436651751,8.541062801932368,0.7328035573209056,0.07649757582643407,240,4,TweetyNet,4.450735633482495,llb3,3
min_segment_dur_majority_vote,0.956778775996549,4.270531400966184,0.7586839835387198,0.042128916749358314,240,4,TweetyNet,4.322122400345096,llb3,3
none,0.9553528215811332,8.96376811594203,0.7291566520671134,0.08279618685793556,240,4,TweetyNet,4.464717841886678,llb3,3
majority_vote,0.9608758343081577,4.471014492753623,0.7917572841207026,0.039927982181565125,240,5,TweetyNet,3.9124165691842294,llb3,3
min_segment_dur,0.9600946019463994,8.579710144927537,0.7763281616328522,0.06954884628009704,240,5,TweetyNet,3.9905398053600605,llb3,3
min_segment_dur_majority_vote,0.9609583779072249,4.256038647342995,0.7950847856849473,0.03627349427935746,240,5,TweetyNet,3.9041622092775063,llb3,3
none,0.9600120583473329,8.830917874396135,0.7730664433419702,0.07340337428198043,240,5,TweetyNet,3.998794165266706,llb3,3
majority_vote,0.9564734715768894,8.159420289855072,0.7762753314237494,0.057570695831109166,240,6,TweetyNet,4.3526528423110555,llb3,3
min_segment_dur,0.9557468173530798,11.748792270531402,0.7595293636639012,0.08187921327441428,240,6,TweetyNet,4.425318264692024,llb3,3
min_segment_dur_majority_vote,0.9566271740494822,7.543478260869565,0.7794180459612916,0.04969308778441957,240,6,TweetyNet,4.337282595051784,llb3,3
none,0.955593114880487,12.507246376811594,0.7565453385857067,0.09039427212720648,240,6,TweetyNet,4.440688511951296,llb3,3
majority_vote,0.9565154651614572,5.371980676328502,0.76205360706456,0.04784191923527767,240,7,TweetyNet,4.348453483854275,llb3,3
min_segment_dur,0.9557207979299713,9.584541062801932,0.7471305117270794,0.07221331838232849,240,7,TweetyNet,4.427920207002867,llb3,3
min_segment_dur_majority_vote,0.9565621682909914,5.094202898550725,0.7636363672126614,0.0443323088242177,240,7,TweetyNet,4.343783170900862,llb3,3
none,0.9556740948004377,9.903381642512077,0.7455914005314406,0.07589637063988351,240,7,TweetyNet,4.432590519956225,llb3,3
majority_vote,0.9474109427566713,5.758454106280193,0.731180817855982,0.06413688972480346,300,1,TweetyNet,5.258905724332874,llb3,4
min_segment_dur,0.9454191560090185,12.31400966183575,0.7015403227128191,0.1291195145534968,300,1,TweetyNet,5.458084399098151,llb3,4
min_segment_dur_majority_vote,0.9474529407531553,5.591787439613527,0.7321529224734281,0.06133589241431875,300,1,TweetyNet,5.254705924684466,llb3,4
none,0.9453771580125351,12.526570048309178,0.7006542497541712,0.13208619503643704,300,1,TweetyNet,5.462284198746492,llb3,4
majority_vote,0.9623666497531412,3.816425120772947,0.8232524294792336,0.03181379930822944,300,2,TweetyNet,3.7633350246858766,llb3,4
min_segment_dur,0.9619337723589944,5.920289855072464,0.8108437709805405,0.045439326684267596,300,2,TweetyNet,3.8066227641005645,llb3,4
min_segment_dur_majority_vote,0.9624032558812818,3.642512077294686,0.825046370759467,0.029176241185559497,300,2,TweetyNet,3.759674411871816,llb3,4
none,0.9618971662308531,6.154589371980676,0.8091593865735706,0.04847488579410103,300,2,TweetyNet,3.8102833769146915,llb3,4
majority_vote,0.9534800298760979,6.502415458937198,0.7392134212182943,0.059362115121100935,300,3,TweetyNet,4.651997012390208,llb3,4
min_segment_dur,0.952444850408049,11.519323671497585,0.7178163040654483,0.1029850993794371,300,3,TweetyNet,4.755514959195095,llb3,4
min_segment_dur_majority_vote,0.9535296379575231,6.314009661835748,0.7408601284608695,0.05541971809661211,300,3,TweetyNet,4.64703620424769,llb3,4
none,0.9523952423266238,11.823671497584542,0.7162103493783621,0.10753901991927999,300,3,TweetyNet,4.760475767337624,llb3,4
majority_vote,0.9593591971677154,5.132850241545894,0.7679679786316268,0.04884760924176047,300,4,TweetyNet,4.064080283228455,llb3,4
min_segment_dur,0.9583594974717256,10.02415458937198,0.7502259508269656,0.10001631360693809,300,4,TweetyNet,4.164050252827445,llb3,4
min_segment_dur_majority_vote,0.9594809182004345,4.845410628019324,0.7731721970291225,0.041460696714323786,300,4,TweetyNet,4.051908179956554,llb3,4
none,0.9582377764390066,10.352657004830919,0.7454269758237271,0.10762992331477432,300,4,TweetyNet,4.176222356099335,llb3,4
majority_vote,0.9573731353010542,5.48792270531401,0.7672866532330378,0.050424013126785704,300,5,TweetyNet,4.262686469894583,llb3,4
min_segment_dur,0.9558846995235314,10.393719806763285,0.7456934831819425,0.09467982033986005,300,5,TweetyNet,4.4115300476468615,llb3,4
min_segment_dur_majority_vote,0.9574997488349062,4.958937198067633,0.7705002204768433,0.042736912187241675,300,5,TweetyNet,4.250025116509382,llb3,4
none,0.9557580859896789,11.004830917874395,0.7431703051169358,0.10281152250779466,300,5,TweetyNet,4.4241914010321075,llb3,4
majority_vote,0.9578646150298599,4.550724637681159,0.7911292262305503,0.04446258753638799,300,6,TweetyNet,4.213538497014014,llb3,4
min_segment_dur,0.9567834665363798,8.601449275362318,0.7628859668010399,0.07466511732925823,300,6,TweetyNet,4.3216533463620195,llb3,4
min_segment_dur_majority_vote,0.957940849031569,4.285024154589372,0.7933592898136602,0.03916719203994438,300,6,TweetyNet,4.205915096843105,llb3,4
none,0.9567072325346705,8.900966183574878,0.7607693880986426,0.08025920154448034,300,6,TweetyNet,4.329276746532951,llb3,4
majority_vote,0.953615186825296,5.545893719806763,0.7649790736527119,0.050073127251404365,300,7,TweetyNet,4.6384813174704,llb3,4
min_segment_dur,0.9519779048184756,10.86231884057971,0.7376060818117391,0.09864758768452063,300,7,TweetyNet,4.802209518152445,llb3,4
min_segment_dur_majority_vote,0.9536961331449693,5.384057971014493,0.7672834782787175,0.046333802970730024,300,7,TweetyNet,4.630386685503074,llb3,4
none,0.9518969584988023,11.084541062801932,0.7354857334893927,0.10276920645884251,300,7,TweetyNet,4.810304150119771,llb3,4
majority_vote,0.955546281982011,6.6521739130434785,0.7570378936823009,0.05093932197163954,360,1,TweetyNet,4.445371801798903,llb3,5
min_segment_dur,0.9543802368261339,10.942028985507246,0.7378380687734084,0.08374435041720885,360,1,TweetyNet,4.561976317386607,llb3,5
min_segment_dur_majority_vote,0.9556459336348826,6.4227053140096615,0.7606222331907889,0.04492510119916866,360,1,TweetyNet,4.435406636511741,llb3,5
none,0.9542805851732621,11.219806763285025,0.734422204822786,0.09004790678198651,360,1,TweetyNet,4.571941482673791,llb3,5
majority_vote,0.9610491559656571,3.3091787439613527,0.8215926642089864,0.03263118849735679,360,2,TweetyNet,3.89508440343429,llb3,5
min_segment_dur,0.9603331848516302,5.804347826086956,0.8048445399824632,0.04944341847622444,360,2,TweetyNet,3.9666815148369783,llb3,5
min_segment_dur_majority_vote,0.9610934795017949,3.111111111111111,0.8235528948434256,0.02887850577228751,360,2,TweetyNet,3.890652049820509,llb3,5
none,0.9602888613154921,6.016908212560386,0.803094684976779,0.053492821985911404,360,2,TweetyNet,3.971113868450793,llb3,5
majority_vote,0.9614088782805182,4.528985507246377,0.7976762257057338,0.05144776917124214,360,3,TweetyNet,3.859112171948176,llb3,5
min_segment_dur,0.9603822000101635,8.270531400966183,0.7784234100761233,0.0849986791200111,360,3,TweetyNet,3.96177999898365,llb3,5
min_segment_dur_majority_vote,0.9615578733449326,3.973429951690821,0.8013879378184923,0.04284489109880832,360,3,TweetyNet,3.844212665506741,llb3,5
none,0.9602332049457499,8.88888888888889,0.7751939891144114,0.094024014806904,360,3,TweetyNet,3.976679505425007,llb3,5
majority_vote,0.9591563300444186,4.729468599033816,0.7911348180446628,0.042195457496624976,360,4,TweetyNet,4.084366995558142,llb3,5
min_segment_dur,0.9577110991393437,8.958937198067632,0.7615058223036704,0.08115461000773007,360,4,TweetyNet,4.228890086065629,llb3,5
min_segment_dur_majority_vote,0.9591943913905032,4.6352657004830915,0.7924594187641807,0.04055313108558015,360,4,TweetyNet,4.080560860949678,llb3,5
none,0.9576730377932586,9.077294685990339,0.7602657347163694,0.08293934135606904,360,4,TweetyNet,4.232696220674137,llb3,5
majority_vote,0.9622824738992128,4.294685990338165,0.7985234468355479,0.040917991648692593,360,5,TweetyNet,3.7717526100787158,llb3,5
min_segment_dur,0.9611230646487879,6.591787439613527,0.771560037504382,0.06286225602663056,360,5,TweetyNet,3.887693535121206,llb3,5
min_segment_dur_majority_vote,0.9623581713472461,4.009661835748792,0.8025163370088537,0.03556949351206202,360,5,TweetyNet,3.7641828652753895,llb3,5
none,0.9610473672007548,6.968599033816425,0.7690540672000863,0.06888881723859056,360,5,TweetyNet,3.8952632799245213,llb3,5
majority_vote,0.9520966391752973,8.152173913043478,0.7436153076472053,0.06408914539443791,360,6,TweetyNet,4.7903360824702705,llb3,5
min_segment_dur,0.9517000813662312,14.23671497584541,0.7316889827966412,0.1084064246535307,360,6,TweetyNet,4.829991863376881,llb3,5
min_segment_dur_majority_vote,0.9522515650125021,7.599033816425121,0.7474983383266378,0.05647853802930768,360,6,TweetyNet,4.774843498749792,llb3,5
none,0.9515451555290269,14.852657004830919,0.7280940436143175,0.11656992690552767,360,6,TweetyNet,4.845484447097315,llb3,5
majority_vote,0.9544740344456788,5.316425120772947,0.775367706617607,0.052269802861475326,360,7,TweetyNet,4.55259655543212,llb3,5
min_segment_dur,0.9535065415321535,9.118357487922705,0.7562282158556853,0.08880516757775453,360,7,TweetyNet,4.649345846784647,llb3,5
min_segment_dur_majority_vote,0.9545235281673452,5.159420289855072,0.7768928924649473,0.04959417754667081,360,7,TweetyNet,4.54764718326548,llb3,5
none,0.9534570478104878,9.294685990338165,0.7548148080444669,0.09156490709253425,360,7,TweetyNet,4.654295218951221,llb3,5
majority_vote,0.9637347094805843,4.219806763285024,0.8112439141544032,0.042779012904735715,420,1,TweetyNet,3.626529051941574,llb3,6
min_segment_dur,0.9625545219023315,8.21256038647343,0.7910520364885909,0.07203884945721067,420,1,TweetyNet,3.7445478097668516,llb3,6
min_segment_dur_majority_vote,0.9638182922483288,4.0,0.8144295174230164,0.03666230081967508,420,1,TweetyNet,3.6181707751671177,llb3,6
none,0.9624709391345869,8.478260869565217,0.7880454121970463,0.07842814576918873,420,1,TweetyNet,3.7529060865413078,llb3,6
majority_vote,0.9595472980307462,4.855072463768116,0.7958078298639167,0.04603966622339541,420,2,TweetyNet,4.045270196925377,llb3,6
min_segment_dur,0.9583185964170058,9.272946859903382,0.7697864462558153,0.0860436476171164,420,2,TweetyNet,4.168140358299421,llb3,6
min_segment_dur_majority_vote,0.9596301738995622,4.521739130434782,0.7984929507819488,0.04178181440529615,420,2,TweetyNet,4.036982610043783,llb3,6
none,0.9582357205481896,9.63768115942029,0.767396906939569,0.09052941532599117,420,2,TweetyNet,4.176427945181038,llb3,6
majority_vote,0.9610456926985931,4.169082125603865,0.7996628073970893,0.03994461150615837,420,3,TweetyNet,3.895430730140692,llb3,6
min_segment_dur,0.9604391371804653,7.072463768115942,0.787691116756787,0.06883768825010163,420,3,TweetyNet,3.956086281953475,llb3,6
min_segment_dur_majority_vote,0.9611327599852183,3.8309178743961354,0.8018610169572264,0.03506166503445276,420,3,TweetyNet,3.88672400147817,llb3,6
none,0.9603520698938404,7.442028985507246,0.785639322046001,0.07395296713439731,420,3,TweetyNet,3.9647930106159635,llb3,6
majority_vote,0.9620687378663214,4.429951690821256,0.7949259315708531,0.03915361597279155,420,4,TweetyNet,3.793126213367859,llb3,6
min_segment_dur,0.9612712676516153,8.434782608695652,0.7750344770582603,0.07204884992908427,420,4,TweetyNet,3.87287323483847,llb3,6
min_segment_dur_majority_vote,0.9621532898285743,4.169082125603865,0.7972165270027963,0.034568583142010036,420,4,TweetyNet,3.7846710171425713,llb3,6
none,0.9611867156893626,8.734299516908212,0.7731208854265822,0.07716173140626312,420,4,TweetyNet,3.8813284310637353,llb3,6
majority_vote,0.9609238631974232,4.13768115942029,0.7955282723120327,0.04613843191472357,420,5,TweetyNet,3.907613680257682,llb3,6
min_segment_dur,0.9603132054117741,7.417874396135265,0.7788124221734058,0.0773155037354483,420,5,TweetyNet,3.968679458822588,llb3,6
min_segment_dur_majority_vote,0.9610579452005843,3.792270531400966,0.7998775168250752,0.03929935501673634,420,5,TweetyNet,3.8942054799415704,llb3,6
none,0.9601791234086132,7.78743961352657,0.775133680863745,0.08432561657227333,420,5,TweetyNet,3.982087659138678,llb3,6
majority_vote,0.9555768581428955,5.202898550724638,0.775482687262086,0.04900393702866602,420,6,TweetyNet,4.442314185710449,llb3,6
min_segment_dur,0.954499297860449,9.128019323671497,0.7557397680851665,0.08202774962722616,420,6,TweetyNet,4.550070213955104,llb3,6
min_segment_dur_majority_vote,0.9556675116103814,4.949275362318841,0.7782690309507494,0.043506177023418,420,6,TweetyNet,4.433248838961856,llb3,6
none,0.9544086443929626,9.420289855072463,0.753048506296404,0.08783335219082983,420,6,TweetyNet,4.5591355607037425,llb3,6
majority_vote,0.9553314059544511,5.748792270531401,0.7767401910249226,0.050549478168888384,420,7,TweetyNet,4.46685940455489,llb3,6
min_segment_dur,0.953776443053317,11.11352657004831,0.7533068986838006,0.09549202464622436,420,7,TweetyNet,4.6223556946683,llb3,6
min_segment_dur_majority_vote,0.9553689865977204,5.572463768115942,0.7780339153101125,0.04802357117861055,420,7,TweetyNet,4.46310134022796,llb3,6
none,0.9537388624100475,11.340579710144928,0.7523099464645348,0.09823030489201603,420,7,TweetyNet,4.626113758995254,llb3,6
majority_vote,0.9596376032632067,3.6473429951690823,0.8298322652004515,0.03827610936918748,480,1,TweetyNet,4.036239673679331,llb3,7
min_segment_dur,0.95900081902976,6.161835748792271,0.8142293188287401,0.057433248211298714,480,1,TweetyNet,4.099918097024002,llb3,7
min_segment_dur_majority_vote,0.9597477408464219,3.3260869565217392,0.8338300525016734,0.031776830795595505,480,1,TweetyNet,4.025225915357811,llb3,7
none,0.9588906814465441,6.528985507246377,0.8104827853603914,0.06418377775767907,480,1,TweetyNet,4.11093185534559,llb3,7
majority_vote,0.9636910562478457,3.8115942028985508,0.8168479741112838,0.04516058883227377,480,2,TweetyNet,3.630894375215432,llb3,7
min_segment_dur,0.9632449945095334,6.340579710144928,0.805500376673541,0.06430370786981908,480,2,TweetyNet,3.675500549046662,llb3,7
min_segment_dur_majority_vote,0.9637649920519372,3.642512077294686,0.8201061077811604,0.03898130093400301,480,2,TweetyNet,3.623500794806278,llb3,7
none,0.9631710587054423,6.531400966183575,0.8023467363202413,0.0706279534713803,480,2,TweetyNet,3.6828941294557715,llb3,7
majority_vote,0.9579718258039626,4.768115942028985,0.7956308120712704,0.043642250856889366,480,3,TweetyNet,4.202817419603743,llb3,7
min_segment_dur,0.9569221508121422,7.690821256038648,0.7760326544756194,0.06525737269541876,480,3,TweetyNet,4.307784918785784,llb3,7
min_segment_dur_majority_vote,0.9580862476305916,4.3019323671497585,0.7993099890486832,0.03695091412458412,480,3,TweetyNet,4.191375236940842,llb3,7
none,0.9568077289855133,8.21256038647343,0.7724737869367739,0.07238094646620685,480,3,TweetyNet,4.319227101448675,llb3,7
majority_vote,0.9595470226951122,4.995169082125604,0.7728692630638428,0.04724270367443296,480,4,TweetyNet,4.045297730488784,llb3,7
min_segment_dur,0.9585990796251818,10.198067632850242,0.7509221026396766,0.08552746908722539,480,4,TweetyNet,4.140092037481824,llb3,7
min_segment_dur_majority_vote,0.9595829981364007,4.857487922705314,0.7742886097361742,0.04373836511228947,480,4,TweetyNet,4.041700186359931,llb3,7
none,0.958563104183893,10.367149758454106,0.7497113646138058,0.08924797046809485,480,4,TweetyNet,4.143689581610699,llb3,7
majority_vote,0.961087414755187,3.859903381642512,0.8022337664394796,0.0395336211009175,480,5,TweetyNet,3.8912585244813003,llb3,7
min_segment_dur,0.9606776678072176,6.504830917874396,0.7911635188096794,0.05756300467781265,480,5,TweetyNet,3.932233219278236,llb3,7
min_segment_dur_majority_vote,0.9611491644180349,3.504830917874396,0.8047498471567175,0.032806702183086324,480,5,TweetyNet,3.8850835581965115,llb3,7
none,0.9606159181443699,6.881642512077295,0.7886850775146949,0.06447483773957502,480,5,TweetyNet,3.9384081855630138,llb3,7
majority_vote,0.9624049539376301,4.550724637681159,0.7961198946489919,0.04105854294147649,480,6,TweetyNet,3.7595046062369852,llb3,7
min_segment_dur,0.9617305547730025,6.7729468599033815,0.7845802315854833,0.05598473224886402,480,6,TweetyNet,3.826944522699749,llb3,7
min_segment_dur_majority_vote,0.9624946461367787,4.3647342995169085,0.7996283100570558,0.03830423092646518,480,6,TweetyNet,3.750535386322129,llb3,7
none,0.961640862573854,7.041062801932367,0.7811447858409062,0.05930113389926961,480,6,TweetyNet,3.835913742614605,llb3,7
majority_vote,0.9632015137119119,4.5,0.7974458838201437,0.043479364603272605,480,7,TweetyNet,3.679848628808813,llb3,7
min_segment_dur,0.9625982375825756,7.164251207729468,0.7831656584453877,0.0702943022616553,480,7,TweetyNet,3.7401762417424433,llb3,7
min_segment_dur_majority_vote,0.9633003941555388,4.202898550724638,0.8014689090645316,0.03772934752406306,480,7,TweetyNet,3.669960584446119,llb3,7
none,0.9624993571389493,7.5,0.7793431866933301,0.07640157740554833,480,7,TweetyNet,3.7500642861050704,llb3,7
majority_vote,0.9618828840119432,3.579710144927536,0.817246649394758,0.03396569827184153,540,1,TweetyNet,3.8117115988056782,llb3,8
min_segment_dur,0.9601079345445427,6.570048309178744,0.7862455795916753,0.059216844772850954,540,1,TweetyNet,3.9892065455457315,llb3,8
min_segment_dur_majority_vote,0.9619244010557495,3.357487922705314,0.8190746794885436,0.03070395184210865,540,1,TweetyNet,3.80755989442505,llb3,8
none,0.9600664175007373,6.826086956521739,0.7849377898484986,0.06261510255781197,540,1,TweetyNet,3.993358249926271,llb3,8
majority_vote,0.9591266739451841,4.852657004830918,0.7728674871848253,0.04939251566634454,540,2,TweetyNet,4.087332605481587,llb3,8
min_segment_dur,0.9580817434905059,8.681159420289855,0.749905547891895,0.09120226081876692,540,2,TweetyNet,4.19182565094941,llb3,8
min_segment_dur_majority_vote,0.9591804179419533,4.669082125603865,0.7747368656409731,0.044432899075940904,540,2,TweetyNet,4.0819582058046695,llb3,8
none,0.9580279994937365,8.908212560386474,0.7480704769688523,0.09647017888635397,540,2,TweetyNet,4.197200050626348,llb3,8
majority_vote,0.9594002941427779,4.413043478260869,0.7944485671736138,0.044521195008806,540,3,TweetyNet,4.059970585722206,llb3,8
min_segment_dur,0.9584712800881245,8.031400966183575,0.7764213617976554,0.07421783645083015,540,3,TweetyNet,4.152871991187546,llb3,8
min_segment_dur_majority_vote,0.9594403815211914,4.251207729468599,0.7956170831849299,0.04206155142378322,540,3,TweetyNet,4.055961847880862,llb3,8
none,0.9584311927097111,8.217391304347826,0.775330954518499,0.07693550781875567,540,3,TweetyNet,4.156880729028889,llb3,8
majority_vote,0.9654923779260529,2.714975845410628,0.8465593993958325,0.026298592786378475,540,4,TweetyNet,3.4507622073947086,llb3,8
min_segment_dur,0.9650107944607725,4.567632850241546,0.8373027394945359,0.0383490642503149,540,4,TweetyNet,3.4989205539227464,llb3,8
min_segment_dur_majority_vote,0.9655471795039716,2.524154589371981,0.8483961904349739,0.02311569413953944,540,4,TweetyNet,3.445282049602838,llb3,8
none,0.9649559928828538,4.782608695652174,0.8354922521205866,0.0417268338008165,540,4,TweetyNet,3.504400711714617,llb3,8
majority_vote,0.9647943086865374,3.816425120772947,0.8224950702285649,0.03898695241802093,540,5,TweetyNet,3.520569131346263,llb3,8
min_segment_dur,0.964222664951914,6.27536231884058,0.8087252496130968,0.05533951244923592,540,5,TweetyNet,3.5777335048086,llb3,8
min_segment_dur_majority_vote,0.9648926667717018,3.495169082125604,0.8264911711101164,0.03225984175234117,540,5,TweetyNet,3.5107333228298176,llb3,8
none,0.9641243068667497,6.599033816425121,0.805074136210536,0.06206283161438871,540,5,TweetyNet,3.587569313325034,llb3,8
majority_vote,0.9631181103695031,3.6690821256038646,0.818220613508928,0.03997828450022539,540,6,TweetyNet,3.688188963049688,llb3,8
min_segment_dur,0.9624511505574596,5.971014492753623,0.8084727164313295,0.06135939096622576,540,6,TweetyNet,3.7548849442540444,llb3,8
min_segment_dur_majority_vote,0.9631854335411738,3.4154589371980677,0.8227397597685379,0.035975620921701416,540,6,TweetyNet,3.6814566458826192,llb3,8
none,0.9623838273857888,6.251207729468599,0.804058110619797,0.0655261798617961,540,6,TweetyNet,3.761617261421124,llb3,8
majority_vote,0.962202695089503,4.528985507246377,0.7795936571125625,0.04484469912635436,540,7,TweetyNet,3.7797304910497043,llb3,8
min_segment_dur,0.9610774092551313,9.42512077294686,0.7539512431109239,0.0945301022137657,540,7,TweetyNet,3.89225907448687,llb3,8
min_segment_dur_majority_vote,0.9622817809810371,4.270531400966184,0.7818060340482651,0.04047164885707702,540,7,TweetyNet,3.7718219018962884,llb3,8
none,0.9609983233635971,9.714975845410628,0.7518874483658977,0.09913304116838875,540,7,TweetyNet,3.900167663640286,llb3,8
majority_vote,0.9643202395040271,3.8115942028985508,0.82351106277213,0.03578818041659602,600,1,TweetyNet,3.567976049597288,llb3,9
min_segment_dur,0.9634589508648633,6.524154589371981,0.8051745060968952,0.05383090260299836,600,1,TweetyNet,3.654104913513667,llb3,9
min_segment_dur_majority_vote,0.9644275059329217,3.4589371980676327,0.8288795104121036,0.029425383291506662,600,1,TweetyNet,3.5572494067078297,llb3,9
none,0.963351684435968,6.920289855072464,0.8012065980579263,0.06046726276808804,600,1,TweetyNet,3.664831556403203,llb3,9
majority_vote,0.9643859059048392,3.5386473429951693,0.82896205927793,0.03818897238663236,600,2,TweetyNet,3.561409409516081,llb3,9
min_segment_dur,0.9641669675356919,6.118357487922705,0.8194527426913676,0.05653471965049535,600,2,TweetyNet,3.5833032464308134,llb3,9
min_segment_dur_majority_vote,0.964497238283641,3.2705314009661834,0.8323384051153532,0.0318806098114121,600,2,TweetyNet,3.550276171635902,llb3,9
none,0.96405563515689,6.405797101449275,0.8161921616509081,0.06309059098524016,600,2,TweetyNet,3.5944364843110033,llb3,9
majority_vote,0.9640782078882715,3.314009661835749,0.816630718680457,0.03027676838165502,600,3,TweetyNet,3.5921792111728523,llb3,9
min_segment_dur,0.9633470159665424,5.949275362318841,0.8011697430910089,0.051756150963993136,600,3,TweetyNet,3.6652984033457625,llb3,9
min_segment_dur_majority_vote,0.9641400464295057,2.997584541062802,0.8191873602267539,0.026576335927916573,600,3,TweetyNet,3.585995357049432,llb3,9
none,0.9632851774253074,6.277777777777778,0.7986607296290485,0.05550578547894425,600,3,TweetyNet,3.6714822574692607,llb3,9
majority_vote,0.9613900712720501,4.927536231884058,0.7980951173146699,0.054087218381153976,600,4,TweetyNet,3.8609928727949883,llb3,9
min_segment_dur,0.9605105526444117,7.475845410628019,0.7823298359768346,0.0752666495174017,600,4,TweetyNet,3.9489447355588347,llb3,9
min_segment_dur_majority_vote,0.9615036181597966,4.594202898550725,0.8013673902310839,0.047665373296339034,600,4,TweetyNet,3.849638184020343,llb3,9
none,0.9603970057566649,7.85024154589372,0.7793244548928168,0.0820068570690459,600,4,TweetyNet,3.9602994243335132,llb3,9
majority_vote,0.9629529884863917,3.4565217391304346,0.8116399359830204,0.0370601234498849,600,5,TweetyNet,3.704701151360834,llb3,9
min_segment_dur,0.9625218504213853,6.693236714975845,0.8033592122809522,0.059477312545972334,600,5,TweetyNet,3.747814957861473,llb3,9
min_segment_dur_majority_vote,0.9630645935352569,3.140096618357488,0.8170148890238677,0.03081700800932162,600,5,TweetyNet,3.6935406464743137,llb3,9
none,0.9624102453725201,7.031400966183575,0.7981859008723253,0.06588982014084763,600,5,TweetyNet,3.758975462747993,llb3,9
majority_vote,0.9627961984329251,3.8333333333333335,0.7944569684859214,0.0364946922320576,600,6,TweetyNet,3.7203801567074923,llb3,9
min_segment_dur,0.9620462933852816,7.35024154589372,0.7795863867601509,0.06515127364089812,600,6,TweetyNet,3.795370661471842,llb3,9
min_segment_dur_majority_vote,0.9628525459893452,3.6666666666666665,0.7969525632036254,0.034309324120144286,600,6,TweetyNet,3.714745401065478,llb3,9
none,0.9619899458288614,7.5603864734299515,0.7772688369525833,0.06769959033490537,600,6,TweetyNet,3.8010054171138563,llb3,9
majority_vote,0.9635264311358063,4.285024154589372,0.8073651259461333,0.03955185521696162,600,7,TweetyNet,3.647356886419373,llb3,9
min_segment_dur,0.9631151614723616,6.031400966183575,0.7996442377057135,0.05014032634928041,600,7,TweetyNet,3.6884838527638353,llb3,9
min_segment_dur_majority_vote,0.9636054083627422,4.045893719806763,0.8106574625009513,0.034487987114101,600,7,TweetyNet,3.639459163725778,llb3,9
none,0.9630361842454254,6.3019323671497585,0.7964198966367184,0.05551442311754001,600,7,TweetyNet,3.6963815754574636,llb3,9
majority_vote,0.9630098326380505,4.166666666666667,0.8136995948554788,0.041802150789327815,660,1,TweetyNet,3.699016736194949,llb3,10
min_segment_dur,0.9621651089961443,6.768115942028985,0.7960385471802081,0.05889903427270632,660,1,TweetyNet,3.783489100385573,llb3,10
min_segment_dur_majority_vote,0.9630981516137469,3.859903381642512,0.8175361225722411,0.03656139281599694,660,1,TweetyNet,3.69018483862531,llb3,10
none,0.9620767900204477,7.0893719806763285,0.7922940745920916,0.06428016977771903,660,1,TweetyNet,3.792320997955234,llb3,10
majority_vote,0.9622928583735499,3.8550724637681157,0.8025346580755403,0.03946851499114253,660,2,TweetyNet,3.770714162645006,llb3,10
min_segment_dur,0.9612675792304508,6.318840579710145,0.7853368265344915,0.058607207722702344,660,2,TweetyNet,3.873242076954919,llb3,10
min_segment_dur_majority_vote,0.9623867800894818,3.606280193236715,0.8060791050370071,0.034982199512120934,660,2,TweetyNet,3.7613219910518247,llb3,10
none,0.9611736575145189,6.5772946859903385,0.7819062106243635,0.06320550734343237,660,2,TweetyNet,3.8826342485481113,llb3,10
majority_vote,0.9588629983327799,4.683574879227053,0.7722840605305915,0.049819351848597294,660,3,TweetyNet,4.113700166722012,llb3,10
min_segment_dur,0.9576244802281199,11.147342995169081,0.7453388991164628,0.10685734476533305,660,3,TweetyNet,4.237551977188014,llb3,10
min_segment_dur_majority_vote,0.9589309263692556,4.480676328502415,0.7749446160121707,0.04603589381889514,660,3,TweetyNet,4.106907363074441,llb3,10
none,0.957556552191644,11.405797101449275,0.7429382643412513,0.1110345846668394,660,3,TweetyNet,4.244344780835596,llb3,10
majority_vote,0.962839875112331,3.364734299516908,0.818109843511227,0.03519034825871252,660,4,TweetyNet,3.7160124887668955,llb3,10
min_segment_dur,0.9624938593365141,5.657004830917875,0.8101949800365408,0.049876318868370635,660,4,TweetyNet,3.75061406634859,llb3,10
min_segment_dur_majority_vote,0.9629019574623013,3.142512077294686,0.8210483162847049,0.030394407052390632,660,4,TweetyNet,3.709804253769866,llb3,10
none,0.9624317769865434,5.917874396135265,0.8072643428367499,0.05492885285464062,660,4,TweetyNet,3.7568223013456636,llb3,10
majority_vote,0.9632581702189363,3.050724637681159,0.8193339195294014,0.031230487157457305,660,5,TweetyNet,3.674182978106366,llb3,10
min_segment_dur,0.9628240237208833,5.398550724637682,0.8064749924942088,0.05235449233871633,660,5,TweetyNet,3.717597627911673,llb3,10
min_segment_dur_majority_vote,0.9633513562415021,2.760869565217391,0.8235025550461209,0.02690340048257765,660,5,TweetyNet,3.6648643758497856,llb3,10
none,0.9627308376983174,5.690821256038648,0.8026380410786595,0.056687007011207685,660,5,TweetyNet,3.7269162301682646,llb3,10
majority_vote,0.965297377031519,3.0193236714975846,0.8221304319081075,0.03288108692850525,660,6,TweetyNet,3.4702622968481034,llb3,10
min_segment_dur,0.9644228952487985,5.676328502415459,0.8022401279769164,0.057137472873450654,660,6,TweetyNet,3.557710475120146,llb3,10
min_segment_dur_majority_vote,0.9653537427145487,2.857487922705314,0.8243105985127376,0.028146521188383785,660,6,TweetyNet,3.4646257285451343,llb3,10
none,0.9643665295657688,5.857487922705314,0.8001558186580978,0.06280509506150192,660,6,TweetyNet,3.563347043423115,llb3,10
majority_vote,0.9619932137576038,2.975845410628019,0.8136719033842599,0.033935662949230075,660,7,TweetyNet,3.8006786242396173,llb3,10
min_segment_dur,0.9614362364693111,5.405797101449275,0.8017665981194022,0.055875635617072254,660,7,TweetyNet,3.856376353068891,llb3,10
min_segment_dur_majority_vote,0.9620511275740483,2.7270531400966185,0.8154856867064665,0.030864123833009214,660,7,TweetyNet,3.7948872425951685,llb3,10
none,0.9613783226528669,5.666666666666667,0.7999753724390297,0.0590284175471668,660,7,TweetyNet,3.8621677347133065,llb3,10
